address,Latitude,Longitude
창원시 마산회원구 자유무역6길 103(봉암동),35.2143612,128.6110814
창원시 마산회원구 자유무역6길 157(봉암동),35.2143612,128.6110814
진주시 남강로1367번길 36(상대동),35.1825798,128.1255851
진주시 남강로1367번길 14(상대동),35.1829751,128.1277004
진주시 동진로 290(상대동),35.1795649,128.1234548
진주시 대신로 146(상평동),35.1730934,128.1190361
진주시 도동로 57(상평동),35.175493,128.1226867
진주시 도동로 58(상평동),35.1747305,128.1251843
진주시 남강로 1303(상평동),35.1772912,128.1297336
진주시 남강로 1003(상평동),35.1724287,128.1005135
사천시 사남면 공단1로 78,35.0714409,128.0629129
사천시 사남면 외국기업로 82,35.0653762,128.0623546
사천시 사남면 공단1로 141,35.0702713,128.0601215
창원시 성산구 성산패총로 170(가음정동),35.2054546,128.6875127
창원시 성산구 정동로 153,35.2037399,128.6880341
창원시 성산구 두산볼보로 22(귀곡동),35.1770075,128.6058514
창원시 성산구 정동로 122(남산동),35.2015754,128.6909151
창원시 성산구 삼동로 90(내동),35.2226294,128.6544579
창원시 성산구 연덕로 171(내동),35.2199063,128.659423
창원시 성산구 연덕로 176(내동),35.2182915,128.6655985
창원시 의창구 창원대로 488(대원동),35.228535,128.6448017
창원시 의창구 남면로113번길 27,35.2218958,128.6402641
창원시 의창구 남면로 201(대원동),35.2207469,128.6347111
창원시 성산구 웅남로 670,35.1992462,128.6836134
창원시 성산구 웅남로 654-24,35.2026517,128.6820078
창원시 성산구 공단로 589,35.1986589,128.680974
창원시 성산구 공단로 602(성산동),35.2027371,128.673952
창원시 성산구 공단로 602(성산동),35.2027371,128.673952
창원시 성산구 성산패총로 107(성산동),35.2050708,128.676114
창원시 성산구 완암로 84 (성산동),35.2069711,128.6633755
창원시 성산구 창원대로 1124(성주동),35.196789,128.7048352
창원시 성산구 정동로 84(성주동),35.1981099,128.6876792
창원시 성산구 정동로 48(성주동),35.1954548,128.6839309
창원시 성산구 정동로 18(성주동),35.1924154,128.6842228
창원시 성산구 공단로 680(성주동),35.1906956,128.6883513
창원시 성산구 공단로 704(성주동),35.1895058,128.6908613
창원시 성산구 월림로 46(신촌동),35.2073,128.6360123
창원시 성산구 적현로 147(신촌동),35.20647,128.6084402
창원시 성산구 적현로 124(신촌동),35.211551,128.6090284
창원시 성산구 공단로103번길 12(신촌동),35.2162631,128.6405658
창원시 성산구 공단로 193(신촌동),35.2116391,128.6386448
창원시 성산구 공단로 211,35.2179351,128.6473705
창원시 성산구 공단로 148(신촌동),35.2137982,128.6390098
창원시 성산구 공단로 80(신촌동),35.2064071,128.6331959
창원시 성산구 공단로 52(양곡동),35.2060076,128.6421316
창원시 성산구 남면로 599(외동),35.2086972,128.6775619
창원시 성산구 성산패총로 173(외동),35.2091172,128.6815962
창원시 성산구 공단로 303(웅남동),35.2115193,128.6574869
창원시 성산구 공단로271번길 11(웅남동),35.2136391,128.6528843
창원시 성산구 웅남로 328(웅남동),35.2184538,128.6541805
창원시 성산구 공단로 280(웅남동),35.2118921,128.6505473
창원시 성산구 완암로 35(웅남동),35.2055641,128.6612147
창원시 의창구 반계로 40(팔용동),35.2471699,128.6116121
창원시 의창구 평산로 42(팔용동),35.2470997,128.6163826
창원시 성산구 성주로 53 (남산동),35.1920147,128.6955537
창원시 성산구 정동로162번길 40(남산동),35.1994619,128.6968515
창원시 성산구 공단로 799(성주동),35.1871427,128.7031774
창원시 의창구 팔용로371번길 18(팔용동),35.2523662,128.6066566
함안군 칠서면 대부로 551,35.3622544,128.4843534
함안군 칠서면 공단북길 50,35.3745543,128.4761023
함안군 칠서면 공단동길 79,35.3722205,128.4849709
함안군 칠서면 공단서3길 62,35.3620222,128.4802003
함안군 칠서면 대부로 528,35.3613419,128.4814881
함안군 칠서면 공단서길 18,35.3689714,128.4794326
함안군 칠서면 공단북길 134-18,35.373277,128.4715056
양산시 유산공단7길 15(유산동),35.3648191,129.0333853
양산시 어실로 43(유산동),35.3635115,129.0269062
양산시 어실로 1(유산동),35.3774635,129.0367336
양산시 충렬로 355,35.3773882,129.0440117
양산시 유산공단11길 11(유산동),35.3723306,129.0299452
양산시 유산공단4길 14(유산동),35.3583969,129.0351805
양산시 새목1길 15(유산동),35.3716954,129.0267435
양산시 어실로 119(유산동),35.3673649,129.0369225
양산시 충렬로 289(유산동),35.3689798,129.0387413
양산시 충렬로 269(유산동),35.3682866,129.0386499
양산시 유산공단4길 21(유산동),35.3570193,129.0323749
양산시 충렬로 327(유산동),35.3707609,129.0409364
양산시 어곡공단1길 38(어곡동),35.3747361,129.0196651
창원시 성산구 남면로 381(내동),35.220098,128.6581602
창원시 의창구 차룡로14번길 18(팔용동),35.2402571,128.6276093
창원시 성산구 창원대로 1204(성주동),35.191308,128.7129069
창원시 성산구 공단로21번길 18(신촌동),35.213472,128.6289342
양산시 어곡공단5길 39(어곡동),35.3809681,129.0218071
창원시 진해구 명제로 60(원포동),35.1106203,128.7127751
진주시 공단로 237(상평동),35.1765941,128.1257339
창원시 의창구 팔용로346번길 10(팔용동),35.2484627,128.6083505
창원시 의창구 삼동로 101(대원동),35.2216775,128.654624
창원시 성산구 완암로 73(웅남동),35.2105949,128.6630359
창원시 성산구 두산볼보로 160,35.1883732,128.6024858
창원시 성산구 웅남로 812,35.1916739,128.6924092
창원시 성산구 적현로 259(신촌동),35.2010016,128.6025724
창원시 성산구 성산패총로38번길 20(성산구),35.1973701,128.6759513
창원시 마산회원구 자유무역3길 96(양덕동),35.2154812,128.5943327
창원시 성산구 완암로 171,35.2160354,128.6690082
사천시 사남면 외국기업로 152-52,35.0663597,128.054812
양산시 어곡공단3길 14-2,35.3802148,129.0178278
진주시 솔밭로 55(상평동),35.1735587,128.1072415
함안군 칠서면 대부로 510,35.3605383,128.478432
함안군 칠서면 공단북길 78,35.3735214,128.4744608
창원시 성산구 공단로 308-28(웅남동),35.209986,128.654664
창원시 성산구 웅남로795번길 8,35.1941782,128.6952109
창원시 성산구 정동로 47(성산동),35.1970192,128.6833763
사천시 사남면 공단1로 107,35.0689034,128.0626774
양산시 어곡공단5길 15(어곡동),35.3809793,129.0196269
사천시 사남면 공단4로 183,35.0625155,128.0472138
양산시 어곡공단1길 134,35.3820459,129.0173401
양산시 충렬로 129(유산동),35.3555146,129.0321918
사천시 사남면 공단4로 155-32,35.0592041,128.0466411
창원시 의창구 남면로 125(대원동),35.2227383,128.6370796
김해시 주촌면 서부로1637번길 337,35.2565059,128.8175246
창원시 성산구 공단로473번길 33(성산동),35.2058528,128.6715001
함안군 칠서면 공단북길 138,35.3721289,128.4712051
사천시 사남면 공단5길 25,35.0525365,128.0752175
양산시 어곡로 165(어곡동),35.3694063,129.0107736
양산시 유산공단7길 45,35.363039,129.0308483
함안군 칠서면 공단동길 98,35.3693713,128.4898576
창원시 의창구 평산로 37(팔용동),35.248556,128.6150421
창원시 성산구 창원대로 48(성주동),35.1927722,128.6928172
창원시 마산합포구 진북면 산단1길 129,35.1319241,128.483633
창원시 성산구 공단로 69,35.2136731,128.6328932
함안군 칠서면 공단서4길 11,35.3632973,128.4745804
창원시 마산합포구 진북면 산단2길 46-56,35.1347613,128.4780886
창원시 성산구 적현로 490(귀곡동),35.1864511,128.594701
창원시 의창구 팔용로346번길 8(팔용동),35.2483699,128.6081729
창원시 성산구 공단로 238(웅남동),35.213458,128.6483345
창원시 성산구 창원대로1144번길 55(성주동),35.1913589,128.705445
고성군 동해면 조선특구로 740,34.9936346,128.4616862
창원시 의창구 남면로 245(대원동),35.2213227,128.6397224
사천시 사남면 공단2로 220,35.0692963,128.0535169
창녕군 대합면 대동월포로 291,35.617606,128.4479773
창원시 성산구 공단로 303,35.2115193,128.6574869
양산시 산막공단북13길 50,35.3745577,129.0641893
함안군 군북면 함안산단4길 25,35.2892834,128.3196028
함안군 칠서면 공단동길 10,35.3671974,128.4839648
함안군 군북면 월촌공단로 170,35.3001872,128.3150309
함안군 군북면 함안산단3길 10,35.2940805,128.3148753
창녕군 대합면 대합산업단지로 100,35.6136586,128.4725473
창녕군 창녕읍 창밀로 259-33,35.5639453,128.4995275
김해시 주촌면 골든루트로 158-8,35.2154841,128.8322224
창원시 의창구 창원대로204번길 6(팔용동),35.24383,128.6231307
함안군 칠서면 공단안길 51,35.3635504,128.4875545
창원시 성산구 창원대로 1204(성주동),35.191308,128.7129069
창녕군 대합면 대합산업단지로 68-51,35.6136586,128.4725473
산청군 금서면 매촌리 1363,35.4136255,127.8565028
김해시 주촌면 골든루트로129번길 156,35.2154841,128.8322224
양산시 어실로 77(유산동),35.3740148,129.0320124
진주시 정촌면 산업로111번길 18,35.1314023,128.1025354
양산시 그린공단3길 20,36.1473523,128.1349938
창녕군 대합면 대합산업단지로 87,35.6136586,128.4725473
창원시 성산구 정동로62번길 56-28,35.1935612,128.6892891
창원시 성산구 정동로 154,35.2041289,128.6911136
김해시 주촌면 골든루트로 104-1,35.2154841,128.8322224
진주시 사봉면 산업단지로44번길 66,35.1912954,128.2840986
함안군 칠서면 공단서3길 59,35.3634367,128.4817173
진주시 지수면 용봉로 130,35.2485812,128.2297754
양산시 어곡공단1길 78,35.3800317,129.0186883
창원시 성산구 공단로474번길 10,35.2042575,128.6663933
양산시 어곡공단3길 38,35.3793075,129.0169172
양산시 산막공단남10길 31,35.3664444,129.0664585
창원시 의창구 차룡단지로 188(팔용동),35.2372132,128.6305237
창녕군 대합면 대합산업단지로 68-26,35.6136586,128.4725473
양산시 유산공단10길 14(유산동),35.3698913,129.0290195
김해시 주촌면 골든루트로129번길 90(주촌면),35.2154841,128.8322224
창녕군 대합면 대합산업단지로 120-19,35.6136586,128.4725473
사천시 용현면 신촌리 432-24번지 산업용지 3-1,35.029146,128.0408208
함안군 군북면 함안산단4길 79,35.2892834,128.3196028
함안군 칠서면 공단동3길 65,35.3722713,128.4819437
함안군 칠서면 공단동2길 38(계내리),35.3666533,128.4838933
함안군 군북면 함안산단2길 25-17,35.2892834,128.3196028
창원시 성산구 공단로 166번길 13-41,35.2145205,128.6438363
양산시 어곡공단1길 108(어곡동),35.38031,129.0189295
함안군 군북면 함안산단1길 26-14,35.2892834,128.3196028
창원시 의창구 남면로 113번길(대원동 91),35.222952,128.6396396
진주시 남강로 1369,35.1829144,128.1280187
경산시 남천면 남성현로 1022 외2필지,35.7278953,128.7195027
경산시 용성면 설총로 154-180,35.7602059,128.8512378
경산시 진량읍 공단4로 78,35.8639213,128.8271067
경산시 진량읍 공단6로 98,35.8662098,128.8263089
경산시 진량읍 대학로 1090,35.8791185,128.8135874
경산시 진량읍 대학로 1298,35.8946416,128.8235127
경산시 진량읍 북리1길 55,35.8912673,128.8259854
고령군 개진면 개진산단길 93,35.7162503,128.3127574
고령군 다산면 다산산단2길 10-30,35.7888806,128.3910395
고령군 다산면 다산산단3길 21-20,35.7894609,128.3843584
고령군 다산면 다산산단3길 85,35.7895906,128.3775678
고령군 다산면 다산산단로 136,35.7918131,128.3838952
고령군 다산면 다산산단로 156,35.7925559,128.381882
고령군 다산면 다산산단로 228,35.7974455,128.3747693
고령군 다산면 다산산단로 28-12,35.7897044,128.3951788
고령군 다산면 다산산단로 54-58,35.7913595,128.3893093
고령군 다산면 성암로 566,35.7981491,128.3924026
고령군 쌍림면 방아실길 73,35.6931171,128.2401477
고령군 다산면 다산산단1길 12,35.7884114,128.3936646
구미시 1공단로6길 166,36.0870806,128.3758461
구미시 1공단로 168,36.1005205,128.3807412
구미시 1공단로 251,36.1034988,128.3920696
구미시 구미대로 102,36.0950257,128.3649653
구미시 1공단로4길 141-11,36.0912901,128.3719351
구미시 1공단로4길 141-11,36.0912901,128.3719351
구미시 1공단로4길 141-11,36.0912901,128.3719351
구미시 1공단로4길 96,36.0932806,128.3700377
구미시 3공단2로 300,36.1087832,128.4084866
구미시 4공단로 249-29,36.1345195,128.4419831
구미시 1공단로6길 134,36.0902859,128.3754383
구미시 1공단로7길 58-11,36.1085367,128.378725
구미시 3공단2로 108,36.0899611,128.4086246
구미시 3공단2로 108,36.0899611,128.4086246
구미시 3공단2로 82-34,36.08697,128.4101148
구미시 3공단2로 143,36.0936846,128.4050892
구미시 3공단2로 209,36.0996792,128.4037195
구미시 3공단2로 174,36.0947837,128.4089338
구미시 수출대로 228,36.1091155,128.3893485
구미시 3공단2로 238,36.1011335,128.4088712
구미시 3공단2로 238,36.1011335,128.4088712
구미시 3공단2로 238,36.1011335,128.4088712
구미시 수출대로 435,36.1130107,128.4117797
구미시 임수로 53,36.1154087,128.4017961
구미시 임수로 53,36.1154087,128.4017961
구미시 3공단3로 132-11,36.0943391,128.4124407
구미시 3공단3로 242,36.1014783,128.4137164
구미시 3공단3로 46-61,36.0869343,128.4131649
구미시 4공단로 161-43,36.1357439,128.4329624
구미시 4공단로 44,36.1321339,128.4211967
구미시 4공단로7길 53-29,36.1360998,128.4347388
구미시 고아읍 송평구길 138-9,36.1710401,128.3746514
구미시 구미대로 58,36.0910148,128.3659317
구미시 구미대로 58,36.0910148,128.3659317
구미시 구미대로 58,36.0910148,128.3659317
구미시 옥계2공단로5길 7,36.1300011,128.4153581
구미시 4공단로10길 23-24,36.1269016,128.4452095
구미시 남구미로 29,36.0842794,128.3786919
구미시 남구미로 69,36.0847272,128.3835686
구미시 산동면 봉산리 87,36.1464175,128.4566015
구미시 산동면 첨단기업1로 87,36.1421725,128.4472564
구미시 산동면 송백로 499,36.1822615,128.4787086
구미시 산동면 첨단기업7로 50,36.1496664,128.437823
구미시 산촌옥관로 8,36.3046094,128.2177937
구미시 산호대로 50,36.0876734,128.3864145
구미시 수출대로 168,36.1093413,128.3838948
구미시 산호대로 77,36.090621,128.3834718
구미시 산호대로 77,36.090621,128.3834718
구미시 수출대로7길 50-9,36.116175,128.3793249
구미시 옥계2공단로 221,36.1279145,128.4130396
구미시 산호대로 92,36.0916153,128.387894
구미시 성림길 26,36.1600416,128.4195443
구미시 수출대로 375,36.112329,128.4052637
구미시 수출대로 375,36.112329,128.4052637
구미시 수출대로 41,36.1119673,128.3699765
구미시 수출대로 48,36.107055,128.3706321
구미시 수출대로 48,36.107055,128.3706321
구미시 수출대로 48,36.107055,128.3706321
구미시 수출대로 491,36.1116306,128.4186047
구미시 수출대로3길 68-20,36.1164232,128.3731955
구미시 수출대로7길 11,36.112556,128.3765839
구미시 수출대로9길 80,36.1189263,128.3802823
구미시 옥계2공단로 13,36.1125027,128.4156047
구미시 첨단기업7로 77-21,36.1506899,128.4419103
구미시 첨단기업로 178,36.1458525,128.4534735
구미시 1공단로6길 121,36.0917958,128.377964
구미시 1공단로6길 78,36.0955093,128.3756119
구미시 옥계2공단로 125,36.1202512,128.4103134
경북 구미시 수출대로 97,36.1113615,128.3755152
구미시 산동면 첨단기업5로 140-22,36.1462328,128.4448336
구미시 1공단로6길 103-53,36.0949788,128.3792086
군위군 군위읍 경북대로 4052,36.2643718,128.5731459
군위군 의흥면 동부로 935-14,36.1706995,128.730467
김천시 공단1길 34,36.1408717,128.1430931
김천시 공단1길 83-16,36.1456624,128.1405071
김천시 공단3길 156,36.1538287,128.1209819
김천시 산업단지4로 75,36.161571,128.116879
김천시 공단3길 64,36.1525931,128.1311698
김천시 공단3길 64,36.1525931,128.1311698
김천시 공단3길 94,36.1536533,128.126724
김천시 공단로 128,36.1458368,128.1385416
김천시 공단로 238,36.1475026,128.1278031
김천시 응명동 300-2,36.1458848,128.1286372
김천시 공단로 213,36.1454482,128.12982
김천시 농공단지2길 30,36.1321265,128.1321046
김천시 어모면 산업단지로 39,36.161571,128.116879
김천시 농공단지1길 30,36.1308525,128.1333112
김천시 영남대로 1192,36.1271912,128.0666176
김천시 영남대로 1192,36.1271912,128.0666176
문경시 배실안길 94,36.621267,128.1766076
문경시 신기공단2길 37,36.6351007,128.1734948
봉화군 석포면 승부길 16,37.0427591,129.058621
봉화군 석포면 승부길 253,37.0363397,129.0574989
봉화군 재산면 장군길 231,36.8583277,129.0631747
상주시 발산로 135,36.4566306,128.1764668
상주시 천택로 560-31,36.4391437,127.8894499
상주시 선상서로 2389-66,36.371919,128.1823067
성주군 성주읍 성주산업단지로1길 99,35.9405175,128.2860019
안동시 풍산읍 절뒤길 52,36.600922,128.5389666
영주시 적서공단로 23,36.7934743,128.6238774
영천시 금호읍 강회3길 13-97,35.8918424,128.8779453
영천시 금호읍 오계공단길 1-67,35.9154442,128.8930229
영천시 북안면 돌할매로 284-14,35.9311151,129.0285841
영천시 오계공단길 1-61,35.9156556,128.8915007
칠곡군 기산면 주산로 1226-12,35.9865634,128.3856825
칠곡군 석적읍 3공단2로 6,36.0823582,128.4087607
칠곡군 석적읍 강변대로 2388,36.0789051,128.404335
칠곡군 약목면 경호천동길 14,36.0470781,128.3481817
칠곡군 약목면 교8길 83,36.0488905,128.3522207
칠곡군 왜관읍 공단로8길 167,35.9553047,128.4110417
칠곡군 왜관읍 공단로8길 203,35.9571746,128.4119028
칠곡군 석적읍 3공단1로 5,36.0897078,128.4040857
칠곡군 약목면 경호천동길 2,36.0466816,128.3468892
칠곡군 가산면 호국로 1206-45,36.0536724,128.4887738
대구광역시 북구 침산동 550,35.8943645,128.5889036
대구광역시 북구 노원동3가 182-12,35.8952378,128.5721272
대구광역시 북구 침산동 1501,35.8919569,128.5789179
대구광역시 북구 노원동3가 207-4,35.8965447,128.5660452
대구광역시 북구 노원동3가 224,35.89587,128.5673098
대구광역시 북구 칠성동2가 98-16외3,35.8821602,128.590654
대구광역시 북구 노원동3가 1005,35.8925203,128.5687237
대구광역시 북구 노원동3가 683-2,35.8903192,128.5606941
"대구광역시 북구 국우동 737-1,4",35.9486721,128.5751137
대구광역시 북구 매천동 526,35.9021574,128.5399542
대구광역시 북구 침산동 1217,35.8956857,128.579849
대구광역시 북구 침산동 1026-1,35.899674,128.5815253
대구광역시 북구 노원동3가 1109-1,35.8949734,128.574087
대구광역시 북구 침산동 1137-2,35.896629,128.5816016
대구광역시 북구 침산동 1112-8,35.8961384,128.5831389
대구광역시 북구 노원동3가 520-1,35.8931583,128.5537081
대구광역시 북구 침산동 688,35.9019195,128.5903222
대구광역시 북구 침산동 997,35.903174,128.5801805
대구광역시 북구 침산동 1010-2,35.9003578,128.5810318
대구광역시 북구 동변동 273,35.9227186,128.6007686
대구광역시 북구 노원동3가 20-1,35.9019029,128.5763106
대구광역시 북구 노원동3가 709-4,35.8914222,128.5620787
대구광역시 북구 침산동 693,35.9011351,128.5900039
대구광역시 북구 침산동 1223,35.8950406,128.581662
대구광역시 북구 노원동2가 18-1,35.8933864,128.5759243
대구광역시 북구 노원동3가 58-3,35.9020309,128.5698663
대구광역시 북구 노원동3가 69,35.8989441,128.569832
대구광역시 북구 침산동 929-3,35.9021613,128.5817795
대구광역시 북구 산격동 1289-4,35.8982905,128.6139335
대구광역시 북구 노원동3가 616,35.8919084,128.5569736
대구광역시 북구 산격동 1370,35.8898417,128.6126953
대구광역시 북구 노원동3가 428-2,35.8936847,128.5595326
대구광역시 북구 노원동3가 512,35.8933533,128.5544195
대구광역시 북구 노원동3가 479-3,35.8949299,128.5569084
대구광역시 북구 검단동 887-4,35.9093203,128.6187661
대구광역시 북구 노원동3가 74-18,35.8984753,128.5709884
대구광역시 북구 읍내동 1341-5,35.9349066,128.5492967
대구광역시 북구 노원동3가 557,35.8915668,128.5554194
대구광역시 북구 노원동3가 229-4,35.8954883,128.5683495
대구광역시 북구 노원동3가 485-1,35.8936709,128.5551239
대구광역시 북구 노원동3가 714,35.8917157,128.5629282
대구광역시 북구 태전동 257-2,35.9235765,128.5440856
대구광역시 북구 노원동3가 473-7,35.8956877,128.5594781
대구광역시 북구 침산동 932-3,35.9014642,128.5809357
대구광역시 북구 노원동3가 1121,35.8952231,128.5757714
대구광역시 북구 노원동3가 36-3,35.8984907,128.5745821
대구광역시 북구 노원동3가 61-6,35.9004879,128.5675854
대구광역시 북구 동천동 956-1,35.9421193,128.5570242
대구광역시 북구 국우동 730-6,35.9489798,128.5761734
대구광역시 북구 침산동 1049,35.8992819,128.5811524
대구광역시 북구 노원동3가 232-1,35.8950783,128.5668046
대구광역시 북구 노원동3가 722-4,35.8908105,128.5635598
대구광역시 북구 검단동 747-5,35.9147628,128.6249577
대구광역시 북구 침산동 842,35.9010567,128.5848399
대구광역시 북구 태전동 390,35.9299006,128.5427769
대구광역시 북구 태전동 832-1,35.9113349,128.5488412
대구광역시 북구 노원동3가 6-2,35.9024871,128.575515
대구광역시 북구 노원동3가 1202-5,35.9012383,128.5782355
대구광역시 북구 노원동3가 1202-5,35.9012383,128.5782355
대구광역시 북구 산격동 662-3외4필,35.902386,128.5978654
대구광역시 북구 노원동3가 636,35.8903982,128.5580386
대구광역시 북구 노원동3가 261-3,35.8947565,128.5620214
대구광역시 북구 읍내동 551-1외5필,35.9718448,128.5383737
대구광역시 북구 태전동 833-1,35.9106655,128.5487768
대구광역시 북구 노원동1가 9-9,35.8888616,128.581948
대구광역시 북구 노원동3가 56-29,35.9024149,128.5727039
대구광역시 북구 구암동 805-4,35.9405178,128.57024
대구광역시 북구 침산동 1068,35.8989168,128.5817391
대구광역시 북구 노원동3가 1122-3,35.8950072,128.5756868
대구광역시 북구 산격동 10-12,35.9128796,128.607814
대구광역시 북구 산격동 1819,35.9055819,128.6182041
대구광역시 북구 노원동3가 22-5,35.9008032,128.5755781
대구광역시 북구 침산동 13-50,35.8865315,128.5975967
대구광역시 북구 읍내동 1332-5,35.9386192,128.5498522
대구광역시 북구 산격동 794-5외3필,35.8952095,128.5942889
대구광역시 북구 침산동 1050-2,35.8991831,128.5807141
대구광역시 북구 태전동 838,35.909877,128.5487403
대구광역시 북구 노원동3가 1157,35.8963639,128.5780815
대구광역시 북구 태전동 409-3번지,35.923792,128.5466468
대구광역시 북구 산격동 507-1,35.9021428,128.6068279
대구광역시 북구 산격동 755-1,35.9020315,128.5959451
대구광역시 북구 대현동 158-1,35.8829899,128.6084272
대구광역시 북구 복현동 375-11,35.9028213,128.6214917
대구광역시 북구 노원동3가 671,35.8918984,128.5602855
대구광역시 북구 노원동3가 671,35.8918984,128.5602855
대구광역시 북구 노원동3가 620-1,35.8923804,128.5572295
대구광역시 북구 산격동 338-12,35.9070393,128.6042108
대구광역시 북구 노원동3가 42,35.900052,128.5769685
"대구광역시 북구 노원동3가 47-4,5",35.9001342,128.5729678
대구광역시 북구 노원동3가 36-2,35.8983503,128.5743429
대구광역시 북구 산격동 561-2,35.902408,128.6008655
대구광역시 북구 산격동 1552,35.9101035,128.6076598
대구광역시 북구 노원동3가 1095,35.8975926,128.5780362
대구광역시 북구 노원동3가 470-2,35.8945584,128.558492
대구광역시 북구 노원동3가 227-9,35.8961675,128.5691995
대구광역시 북구 검단동 1393-167,35.9161353,128.6111618
대구광역시 북구 복현동 539-125,35.8987768,128.61561
대구광역시 북구 노원동1가 176,35.8903407,128.5776534
대구광역시 북구 태전동 산7,35.927505,128.543554
대구광역시 북구 노원동3가 885,35.8918711,128.5668593
대구광역시 북구 노원동3가 629,35.8917308,128.5577633
대구광역시 북구 노원동3가 71-11,35.8978588,128.5692869
대구광역시 북구 침산동 1103-2,35.8979558,128.5819669
대구광역시 북구 침산동 105-44,35.8846168,128.5976498
대구광역시 북구 침산동 845,35.9012477,128.5837469
대구광역시 북구 노원동3가 58-15,35.9009993,128.569798
"대구광역시 북구 노원동3가 1206-7, 2층",35.9000075,128.5776062
대구광역시 북구 노원동3가 1075-2,35.8975132,128.577114
대구광역시 북구 노원동3가 558,35.8910872,128.5558148
대구광역시 북구 노원동2가 9,35.8927553,128.5767028
대구광역시 북구 노원동3가 239-12,35.8954601,128.5624584
대구광역시 북구 노원동3가 1206-3,35.8995728,128.5774723
대구광역시 북구 침산동 137-6,35.8878359,128.5942759
대구광역시 북구 노원동3가 396,35.8925219,128.5622637
대구광역시 북구 검단동 887-59,35.9089206,128.6197257
대구광역시 북구 학정동 798-2,35.951014,128.5578648
대구광역시 북구 노원동3가 1114-1,35.8945326,128.5746554
대구광역시 북구 노원동3가 68,35.899013,128.5701404
대구광역시 북구 침산동 1117-1,35.8969672,128.5822942
대구광역시 북구 침산동 1000,35.9020459,128.579738
대구광역시 북구 노원동3가 1200-8,35.902355,128.577682
대구광역시 북구 태전동 159,35.9210715,128.545335
대구광역시 북구 읍내동 468-4,35.946432,128.5535308
대구광역시 북구 침산동 1061-13,35.8977249,128.5812463
대구광역시 북구 노원동3가 300-1,35.8937237,128.5644943
대구광역시 북구 동천동 892-1,35.9444275,128.559163
대구광역시 북구 산격동 314,35.9100564,128.6064485
대구광역시 북구 검단동 986-2,35.9081123,128.6222964
대구광역시 북구 노원동3가 1157-9,35.8963474,128.5777657
대구광역시 북구 노원동3가 1199-6,35.9027964,128.5781073
대구광역시 북구 침산동 779-1,35.9030698,128.5855017
대구광역시 북구 노원동3가 666-1,35.8924423,128.5600013
대구광역시 북구 노원동3가 151,35.8969625,128.5725871
대구광역시 북구 노원동3가 420-2,35.8942117,128.5593868
대구광역시 북구 노원동3가 40-3,35.8998032,128.5754767
대구광역시 북구 노원동3가 24-4,35.901806,128.5758413
대구광역시 북구 노원동3가 1199-16,35.9028838,128.5786884
대구광역시 북구 산격동 14-31,35.9114876,128.6071729
대구광역시 북구 노원동3가 53,35.9007592,128.5743991
대구광역시 북구 노원동3가 187-10,35.8999042,128.566366
대구광역시 북구 침산동 847-1,35.9009119,128.5834818
대구광역시 북구 침산동 1092-2,35.8970761,128.5830782
대구광역시 북구 침산동 873-1,35.9019745,128.5836868
대구광역시 북구 학정동 869-1,35.946797,128.5574317
대구광역시 북구 노원동3가 237-32,35.8962287,128.5644445
대구광역시 북구 노원동3가 179-8,35.8971516,128.5703564
대구광역시 북구 침산동 780-2,35.9028104,128.5865556
대구광역시 북구 학정동 산14-2,35.9562058,128.5717949
대구광역시 북구 침산동 685-2,35.9013026,128.5909645
대구광역시 북구 노원동3가 502-2,35.8937755,128.5533612
대구광역시 북구 노원동3가 62-1,35.8992143,128.5677901
대구광역시 북구 노원동3가 194-3,35.8984454,128.5641678
대구광역시 북구 노원동3가 2-3,35.9028863,128.5770411
대구광역시 북구 구암동 831-7,35.9320596,128.5663126
대구광역시 북구 노원동3가 665,35.8926018,128.5590521
대구광역시 북구 노원동3가 204-1,35.8970711,128.5656612
대구광역시 북구 침산동 878-2,35.9020517,128.5839355
대구광역시 북구 학정동 859-3,35.9468243,128.5599015
대구광역시 북구 노원동3가 1082,35.8965923,128.575552
대구광역시 북구 노원동3가 1201,35.9017065,128.5785258
대구광역시 북구 노원동3가 41-3,35.8997163,128.5759358
대구광역시 북구 동천동 956-3,35.9414234,128.5576234
대구광역시 북구 침산동 924,35.9017375,128.5820001
대구광역시 북구 동호동 189,35.9576016,128.5613511
대구광역시 북구 산격동 758-13 외 3필지,35.9014031,128.5943418
대구광역시 북구 노원동3가 479-3,35.8949299,128.5569084
대구광역시 북구 산격동 632-3,35.9036652,128.6005404
대구광역시 북구 검단동 777-71,35.9112112,128.6245221
대구광역시 북구 노원동3가 629,35.8917308,128.5577633
대구광역시 북구 노원동3가 480-7,35.8945047,128.5568589
대구광역시 북구 노원동3가 1073-2,35.8978834,128.5777337
대구광역시 북구 노원동3가 306,35.893915,128.56559
대구광역시 북구 노원동3가 1199-2,35.902776,128.5778601
대구광역시 북구 서변동 140-7,35.9287771,128.5984363
대구광역시 북구 노원동3가 136,35.8977322,128.5724198
대구광역시 북구 노원동3가 41-6,35.8998349,128.5763786
대구광역시 북구 침산동 750-2,35.9019766,128.5889866
대구광역시 북구 침산동 1117,35.8970465,128.5821242
대구광역시 북구 침산동 785,35.901954,128.5871596
대구광역시 북구 검단동 509,35.9139669,128.6114852
대구광역시 북구 읍내동 308,35.9526624,128.5535998
대구광역시 북구 노원동3가 439,35.8933438,128.559188
대구광역시 북구 서변동 136-3,35.930293,128.5995548
대구광역시 북구 태전동 624-4,35.9209686,128.5469465
대구광역시 북구 침산동 1035-3,35.8999259,128.5795719
대구광역시 북구 산격동 517,35.9013603,128.6041832
대구광역시 북구 읍내동 810,35.9465312,128.5529341
대구광역시 북구 노원동3가 4-2,35.9034186,128.5761786
대구광역시 북구 노원동3가 177-13,35.8970058,128.571442
대구광역시 북구 검단동 570-4,35.9120939,128.6123815
대구광역시 북구 노원동3가 49-2,35.9001378,128.5726089
대구광역시 북구 노원동3가 232-1,35.8950783,128.5668046
대구광역시 북구 노원동3가 237-42,35.8957855,128.5643893
대구광역시 북구 노원동3가 181-9,35.8966118,128.5712919
대구광역시 북구 산격동 321-4,35.9094268,128.6060083
"대구광역시 북구 태전동 500-1,499-3",35.9168109,128.5479417
대구광역시 북구 노원동2가 20-2,35.8932912,128.5756721
대구광역시 북구 노원동3가 1139-1,35.8942429,128.5758751
대구광역시 북구 노원동3가 59-40,35.8999347,128.5690714
대구광역시 북구 노원동3가 313-2,35.893086,128.5651599
대구광역시 북구 노원동3가 627-2,35.8928364,128.5580236
대구광역시 북구 침산동 772-1,35.9028346,128.5880701
대구광역시 북구 노원동3가 354,35.8930438,128.5664622
대구광역시 북구 검단동 1393-46외4필지,35.9175969,128.6210587
대구광역시 북구 노원동3가 46-1,35.9003405,128.5739474
대구광역시 북구 노원동3가 56-38,35.9019002,128.5713996
대구광역시 북구 침산동 1077,35.8983531,128.5834908
대구광역시 북구 노원동3가 643,35.8908724,128.5584074
대구광역시 북구 노원동3가 395-7,35.8923556,128.5633204
대구광역시 북구 노원동3가 193,35.8987275,128.5641742
대구광역시 북구 노원동3가 321,35.8931645,128.5662936
대구광역시 북구 침산동 1066-2,35.8988289,128.5812665
대구광역시 북구 노원동3가 41-2,35.8998213,128.5758346
대구광역시 북구 노원동3가 538-2,35.8928111,128.5558889
대구광역시 북구 침산동 900-5,35.9027911,128.5838734
대구광역시 북구 침산동 920,35.901893,128.5828321
대구광역시 북구 노원동3가 168,35.8983091,128.5722024
대구광역시 북구 노원동3가 474-7,35.8952697,128.5586421
대구광역시 북구 노원동3가 38-2,35.8990636,128.5740689
대구광역시 북구 노원동3가 438-1,35.8933182,128.5594592
"대구광역시 북구 산격동 1420,1420-19",35.8909004,128.6056422
대구광역시 북구 산격동 724-25,35.9025709,128.594396
대구광역시 북구 노원동3가 301,35.8936605,128.5650787
대구광역시 북구 구암동 482-39,35.9307481,128.5617364
대구광역시 북구 침산동 788,35.9019534,128.5878299
"대구광역시 북구 국우동 756-1,3",35.9473369,128.5727364
"대구광역시 북구 매천동 207-2,203-1",35.9106522,128.5427695
대구광역시 북구 검단동 838-46,35.9116202,128.6214253
대구광역시 북구 노원동3가 59-52,35.9008623,128.5678794
대구광역시 북구 서변동 1282,35.9139932,128.5996601
대구광역시 북구 노원동3가 46-2,35.9002018,128.5741148
대구광역시 북구 노원동3가 1116-1,35.894811,128.574879
대구광역시 북구 검단동 838-68,35.9123195,128.6214573
대구광역시 북구 노원동3가 480-3,35.8948793,128.5563564
"대구광역시 북구 매천동 269-9,10",35.9066012,128.5476641
대구광역시 북구 노원동3가 61-14,35.900262,128.5669335
대구광역시 북구 태전동 426-2,35.9224079,128.548746
"대구광역시 북구 침산동 833, 2층",35.901374,128.5855878
대구광역시 북구 침산동 833,35.901374,128.5855878
"대구광역시 북구 관음동 208, 211",35.9429938,128.5451951
대구광역시 북구 노원동3가 616-1,35.8917751,128.5569461
대구광역시 북구 노원동3가 247-1,35.8960017,128.5611441
대구광역시 북구 노원동3가 74-8,35.8990573,128.5718112
대구광역시 북구 고성동2가 95-1,35.8799131,128.5842182
대구광역시 북구 침산동 901,35.9030896,128.583643
대구광역시 북구 관음동 1230-2,35.9429333,128.5420358
대구광역시 북구 검단동 511-1,35.9131997,128.6113475
대구광역시 북구 검단동 887-130,35.9134277,128.6173466
대구광역시 북구 산격동 14-160,35.9126221,128.6066874
대구광역시 북구 노원동3가 501-4,35.8935955,128.5533024
대구광역시 북구 노원동3가 44,35.9006506,128.5748802
대구광역시 북구 노원동3가 10-5,35.9032051,128.5740756
대구광역시 북구 침산동 691-1,35.9012132,128.5904332
대구광역시 북구 노원동3가 47-6,35.900386,128.5731003
대구광역시 북구 노원동3가 40-4,35.899538,128.5753285
대구광역시 북구 노원동3가 650,35.8917962,128.5586144
대구광역시 북구 침산동 772-1,35.9028346,128.5880701
"대구광역시 북구 팔달동 524-19, 81",35.8988678,128.5476718
대구광역시 북구 검단동 838-110,35.9133435,128.6191686
대구광역시 북구 노원동3가 51-5,35.9005335,128.5739078
대구광역시 북구 검단동 838-122,35.9114631,128.6211404
대구광역시 북구 노원동3가 685-1,35.8906608,128.5614686
대구광역시 북구 노원동3가 611-1,35.8911008,128.5569791
대구광역시 북구 노원동3가 384-4,35.8929185,128.5635991
대구광역시 북구 매천동 209-2,35.9104094,128.5418594
대구광역시 북구 노원동3가 1052-1,35.8964496,128.5746781
"대구광역시 북구 노원동3가 22-9,10",35.9011286,128.5757433
대구광역시 북구 노원동3가 406,35.893203,128.5627138
대구광역시 북구 노원동3가 1039-1,35.8950516,128.5728126
대구광역시 북구 산격동 10-20,35.9129139,128.6092235
"대구광역시 북구 매천동 269-11,14,15",35.9076462,128.5481732
대구광역시 북구 침산동 783,35.9020935,128.5862634
대구광역시 북구 노원동3가 1155,35.8951004,128.5774797
대구광역시 북구 동천동 952-4,35.9427463,128.557677
대구광역시 북구 침산동 911,35.9027017,128.5813004
대구광역시 북구 노원동3가 245-2,35.8967034,128.5618081
대구광역시 북구 노원동3가 678-2,35.8909875,128.560206
대구광역시 북구 노원동3가 56-76,35.9015644,128.5726335
대구광역시 북구 도남동 산 57-4,35.972468,128.5815431
대구광역시 북구 침산동 850,35.9006543,128.5825317
대구광역시 북구 노원동3가 474-2,35.8955345,128.5588965
"대구광역시 북구 대현동 415-2,3",35.8846376,128.6046586
대구광역시 북구 침산동 871-1,35.9017327,128.5841093
대구광역시 북구 대현동 230-1,35.8863699,128.6028731
대구광역시 북구 침산동 1049-1,35.8992149,128.5808595
대구광역시 북구 학정동 922-3,35.9540901,128.5653923
대구광역시 북구 학정동 91-1,35.9512726,128.5697707
대구광역시 북구 노원동3가 22-8,35.9010479,128.5752929
대구광역시 북구 노원동3가 212,35.8968562,128.5691767
대구광역시 북구 칠성동2가 302-131,35.8778148,128.5930681
대구광역시 북구 읍내동 1206-4 장원빌딩 6층,35.9425419,128.550398
대구광역시 북구 검단동 777-67,35.9111499,128.6231323
대구광역시 북구 노원동3가 433-11,35.8929006,128.5599126
대구광역시 북구 침산동 1026-2,35.8997351,128.5817551
대구광역시 북구 침산동 838-2,35.901735,128.5849236
대구광역시 북구 침산동 1026-4,35.8995762,128.5823709
대구광역시 북구 노원동3가 481-9,35.8946459,128.5557621
대구광역시 북구 검단동 777-85,35.9127521,128.6250981
대구광역시 북구 태전동 122,35.9224284,128.5396653
"대구광역시 북구 읍내동 1236-21,30,394-7",35.9511185,128.5537974
대구광역시 북구 침산동 772 3층,35.9029178,128.5878326
대구광역시 북구 노원동2가 42,35.8928776,128.5746944
대구광역시 북구 노원동3가 1202-6,35.9010169,128.5779891
대구광역시 북구 침산동 612-1,35.8978397,128.5907848
대구광역시 북구 노원동3가 429-26,35.8934921,128.5604418
대구광역시 북구 태전동 501-1,35.9176381,128.5473767
대구광역시 북구 노원동3가 239-10,35.8951599,128.5622924
대구광역시 북구 노원동1가 123,35.8905914,128.5787485
대구광역시 북구 노원동3가 1013,35.893586,128.5699863
대구광역시 북구 노원동3가 494-2,35.8938453,128.5530826
대구광역시 북구 침산동 1080,35.8987614,128.5836776
대구광역시 북구 산격동 1674,35.9070322,128.61132
대구광역시 북구 동호동 233 외 6필지,35.9613001,128.5583684
대구광역시 북구 노원동3가 187-58,35.8999656,128.5659554
대구광역시 북구 노원동3가 1205-14,35.9004574,128.5783251
대구광역시 북구 노원동3가 201-1,35.8980424,128.5680199
대구광역시 북구 침산동 695,35.9011666,128.589663
"대구광역시 북구 금호동 609-6,5, 555-1",35.885839,128.5306859
대구광역시 북구 노원동3가 1206-3(2층),35.8995728,128.5774723
대구광역시 북구 복현동 536-2,35.8983513,128.6166701
대구광역시 북구 노원동3가 883,35.8911354,128.5663434
대구광역시 북구 침산동 750-2 2층,35.9019766,128.5889866
대구광역시 북구 침산동 1081번지 3층,35.8991374,128.5840149
대구광역시 북구 노원동3가 276,35.8944469,128.5642125
대구광역시 북구 침산동 1095-3,35.8977437,128.5831429
대구광역시 북구 노원동3가 187-67,35.9001691,128.5656256
대구광역시 북구 노원동3가 451,35.8932356,128.5576531
대구광역시 북구 노원동3가 220-7,35.8954,128.5658587
대구광역시 북구 서변동 1290-57,35.9130194,128.5995563
대구광역시 북구 노원동3가 198-15,35.8976196,128.5642084
대구광역시 북구 노원동3가 1202-6,35.9010169,128.5779891
대구광역시 북구 노원동3가 183-9,35.8962654,128.5721035
대구광역시 북구 노원동3가 36-4,35.8982201,128.5748017
대구광역시 북구 노원동3가 655-1,35.891652,128.5586056
대구광역시 북구 침산동 1042-7,35.8996432,128.5841593
대구광역시 북구 노원동3가 177-8,35.8973153,128.5711817
대구광역시 북구 노원동3가 200-4,35.8982379,128.5636312
대구광역시 북구 노원동3가 23-3,35.901463,128.5749869
대구광역시 북구 노원동3가 217,35.896515,128.5667905
"대구광역시 북구 침산동 1076-3, 2층",35.8986971,128.5827998
대구광역시 북구 침산동 1076-3,35.8986971,128.5827998
대구광역시 북구 침산동 1100-13,35.8979049,128.5822324
대구광역시 북구 노원동3가 400,35.8928056,128.5617241
대구광역시 북구 학정동 474 외5필지,35.9561644,128.5653029
대구광역시 북구 노원동3가 259-1,35.8943967,128.5616744
대구광역시 북구 침산동 780-11,35.9028373,128.5862301
대구광역시 북구 검단동 838-108,35.9135424,128.6197529
대구광역시 북구 노원동3가 444-1,35.8937604,128.5583679
대구광역시 북구 노원동3가 501-1,35.8936769,128.5530426
대구광역시 북구 학정동 926-7,35.9523857,128.5657837
대구광역시 북구 노원동3가 272-1,35.8949682,128.5652951
대구광역시 북구 노원동3가 74-5,35.8981924,128.5704081
대구광역시 북구 관음동 354,35.942445,128.5413985
대구광역시 북구 노원동3가 396,35.8925219,128.5622637
대구광역시 북구 침산동 1002-2,35.9018461,128.5798551
대구광역시 북구 노원동3가 1205-15,35.9004737,128.5784859
대구광역시 북구 노원동3가 62-8,35.8994505,128.5675735
대구광역시 북구 노원동3가 312,35.8930816,128.5649538
대구광역시 북구 검단동 720-3,35.9147431,128.6218009
"대구광역시 북구 노원동3가 250, B동",35.896052,128.5600168
대구광역시 북구 노원동3가 230,35.8952597,128.5680798
대구광역시 북구 노원동3가 494-2,35.8938453,128.5530826
대구광역시 북구 노원동3가 151,35.8969625,128.5725871
대구광역시 북구 노원동3가 62-10,35.9001057,128.5677876
대구광역시 북구 노원동3가 1112-3,35.8944816,128.573071
대구광역시 북구 팔달동 413 외3필지,35.894593,128.5338437
대구광역시 북구 검단동 887-141,35.910667,128.6192629
대구광역시 북구 노원동3가 275,35.8943497,128.5645751
대구광역시 북구 침산동 1200-2,35.8953761,128.5786326
대구광역시 북구 노원동3가 230-3,35.8957374,128.567886
대구광역시 북구 침산동 929-2,35.9019327,128.5817024
대구광역시 북구 침산동 986-2,35.9025323,128.5801747
대구광역시 북구 침산동 1081-5,35.8989057,128.5836455
대구광역시 북구 노원동3가 547-14,35.8920157,128.5561802
대구광역시 북구 노원동3가 547-12,35.8921049,128.5558097
대구광역시 북구 노원동3가 492-7,35.8939748,128.5543152
대구광역시 북구 노원동3가 405,35.8931525,128.5629007
대구광역시 북구 노원동1가 200-1,35.8890149,128.5778243
대구광역시 북구 침산동 1081,35.8991374,128.5840149
대구광역시 북구 노원동3가 22-3,35.9005214,128.5757001
대구광역시 북구 노원동3가 210-1,35.8970488,128.5669372
대구광역시 북구 노원동3가 227,35.8966274,128.5693324
대구광역시 북구 침산동 1211,35.8953815,128.5788299
대구광역시 북구 노원동3가 671,35.8918984,128.5602855
대구광역시 북구 노원동3가 1075-2,35.8975132,128.577114
대구광역시 북구 침산동 504-3,35.8945605,128.5873388
대구광역시 북구 태전동 557,35.9168336,128.5510376
대구광역시 북구 노원동3가 217-1,35.8963222,128.566963
대구광역시 북구 노원동3가 501-4,35.8935955,128.5533024
대구광역시 북구 노원동3가 1157-3,35.8966043,128.5779481
대구광역시 북구 노원동3가 3-15,35.903074,128.5762459
대구광역시 북구 노원동3가 230-8,35.8953181,128.5677346
"대구광역시 북구 노원동3가 1202-6, 2층",35.9010169,128.5779891
대구광역시 북구 노원동3가 107,35.8974576,128.5731024
대구광역시 북구 침산동 880,35.9022996,128.5844747
대구광역시 북구 학정동 533 외 2필지,35.9506599,128.5645975
대구광역시 북구 노원동3가 24-3 2층,35.9017809,128.5756129
대구광역시 북구 칠성동2가 340-7,35.8788286,128.5958355
대구광역시 북구 노원동2가 73-2,35.8917466,128.574303
대구광역시 북구 읍내동 378,35.9605039,128.5522
대구광역시 북구 노원동3가 1199-15,35.9031229,128.5786203
대구광역시 북구 노원동3가 229-7,35.8958414,128.5680208
대구광역시 북구 노원동3가 21-1,35.9007796,128.5761717
대구광역시 북구 침산동 1076-9,35.8986457,128.5831772
대구광역시 북구 노원동3가 74-2,35.899122,128.5724199
대구광역시 북구 노원동3가 266,35.8948331,128.5643183
대구광역시 북구 노원동3가 617-1,35.8920266,128.5573267
대구광역시 북구 노원동3가 475-6,35.8953188,128.5579745
대구광역시 북구 노원동3가 475-5,35.8953188,128.5579745
대구광역시 북구 노원동3가 212-8,35.897363,128.568539
대구광역시 북구 침산동 1095-1,35.8977164,128.583382
대구광역시 북구 노원동3가 71-10,35.8979545,128.5694527
대구광역시 북구 노원동3가 188-2,35.8995296,128.5649575
대구광역시 북구 노원동3가 35-2,35.8973414,128.5746048
대구광역시 북구 침산동 913-1,35.9028936,128.5820618
대구광역시 북구 노원동3가 62-8,35.8994505,128.5675735
대구광역시 북구 노원동3가 181-14,35.8962327,128.5706455
대구광역시 북구 노원동3가 1039-2,35.8949762,128.5725451
대구광역시 북구 노원동3가 234-13,35.8940618,128.5679017
대구광역시 북구 노원동3가 275,35.8943497,128.5645751
대구광역시 북구 침산동 652,35.8994027,128.590586
대구광역시 북구 금호동 219,35.8973743,128.5252917
대구광역시 북구 노원동3가 216-5,35.8964534,128.5670526
대구광역시 북구 노원동3가 689-4,35.8909442,128.561578
대구광역시 북구 노원동3가 1206-3,35.8995728,128.5774723
대구광역시 북구 노원동3가 3-6,35.9033537,128.5763643
대구광역시 북구 노원동3가 241-14,35.8970969,128.5630427
대구광역시 북구 침산동 1070,35.8991861,128.5825121
대구광역시 북구 침산동 1076-4,35.8985227,128.5827033
"대구광역시 북구 노원동3가 45-6, 2층",35.9000583,128.574527
대구광역시 북구 침산동 1196,35.8962256,128.5789025
대구광역시 북구 침산동 922,35.9017315,128.5823025
대구광역시 북구 노원동3가 56-34,35.9021467,128.5713106
대구광역시 북구 노원동3가 394-2,35.8920629,128.5630724
대구광역시 북구 침산동 861,35.9010894,128.5810803
대구광역시 북구 노원동3가 2-1,35.9032666,128.5768655
대구광역시 북구 노원동3가 1217,35.8977099,128.5781899
대구광역시 북구 침산동 1077,35.8983531,128.5834908
대구광역시 북구 노원동3가 671,35.8918984,128.5602855
대구광역시 북구 노원동3가 74-13,35.8988475,128.5711861
대구광역시 북구 노원동3가 74-13,35.8988475,128.5711861
대구광역시 북구 노원동3가 238-7,35.8946284,128.5626109
대구광역시 북구 태전동 881-122,35.9158971,128.544136
대구광역시 북구 침산동 1079,35.8985888,128.5835778
대구광역시 북구 노원동3가 238-7,35.8946284,128.5626109
대구광역시 북구 검단동 887-134,35.9129696,128.6163393
대구광역시 북구 학정동 515-3,35.9548814,128.5631055
대구광역시 북구 학정동 135,35.9504146,128.5699663
대구광역시 북구 노원동3가 481,35.8945457,128.5554048
대구광역시 북구 노원동3가 62-11,35.8999888,128.5679208
대구광역시 북구 학정동 79-2 공병대대 수송부,35.9522305,128.5686835
대구광역시 북구 노원동3가 265,35.894615,128.5639379
대구광역시 북구 노원동3가 1202-9,35.9008962,128.5787271
대구광역시 북구 노원동3가 187-5,35.8982738,128.5659666
대구광역시 북구 노원동3가 279-2,35.8935121,128.5642546
대구광역시 북구 동호동 214,35.960502,128.5586588
대구광역시 북구 침산동 915,35.9026928,128.5825721
대구광역시 북구 노원동3가 433-1,35.8931327,128.5601978
대구광역시 북구 노원동3가 101,35.8969289,128.5732194
대구광역시 북구 노원동3가 23,35.9016717,128.575457
대구광역시 북구 노원동3가 23,35.9016717,128.575457
대구광역시 북구 노원동2가 73-1,35.8919616,128.574381
대구광역시 북구 노원동3가 187-3,35.9004669,128.5661119
대구광역시 북구 노원동3가 1154,35.8951387,128.5777691
대구광역시 북구 노원동3가 1200-2,35.9021422,128.578467
대구광역시 북구 노원동3가 1149-1,35.8942543,128.5772576
대구광역시 북구 노원동3가 74-5,35.8981924,128.5704081
대구광역시 북구 노원동3가 712-11,35.8916536,128.5627151
대구광역시 북구 침산동 622,35.8983172,128.5906444
대구광역시 북구 침산동 900-4,35.902672,128.5836986
대구광역시 북구 노원동3가 678-2,35.8909875,128.560206
대구광역시 북구 노원동3가 187-59,35.8998923,128.5658209
대구광역시 북구 노원동3가 187-4,35.8980729,128.5663297
대구광역시 북구 침산동 917-2,35.9023425,128.5828875
대구광역시 북구 침산동 1054-1,35.8985524,128.5797391
대구광역시 북구 침산동 1222,35.89518,128.5817195
대구광역시 북구 노원동3가 412-1,35.8932754,128.561096
대구광역시 북구 검단동 887-100,35.9139619,128.615999
대구광역시 북구 노원동3가 45-7,35.9005804,128.5744798
대구광역시 북구 노원동3가 56-12,35.9025692,128.5719229
대구광역시 북구 노원동3가 1105,35.8956993,128.5747724
대구광역시 북구 태전동 796-3,35.9132674,128.5488114
대구광역시 북구 노원동2가 280,35.8881972,128.5739129
대구광역시 북구 복현동 459-7,35.8934918,128.6195822
대구광역시 북구 노원동3가 1094,35.8975124,128.5778373
대구광역시 북구 산격동 1291-19,35.8967876,128.6134965
대구광역시 북구 노원동3가 51,35.9006292,128.5731375
대구광역시 북구 침산동 1026-3,35.8997584,128.5819624
대구광역시 북구 태전동,35.9219392,128.544655
대구광역시 북구 침산동 1045,35.8996844,128.5829212
대구광역시 북구 노원동3가 191-10,35.8980354,128.5652925
대구광역시 북구 노원동3가 1143,35.894302,128.5755776
대구광역시 북구 노원동3가 429-7,35.8944232,128.5606156
대구광역시 북구 노원동3가 1105-1,35.8956993,128.5747724
대구광역시 북구 노원동3가 190-4,35.8986582,128.5654798
"대구광역시 북구 노원동3가 704, 3층",35.8922995,128.5612343
대구광역시 북구 침산동 874,35.9021765,128.5834812
대구광역시 북구 노원동3가 1205-8,35.899787,128.5781031
대구광역시 북구 검단동 887-166,35.9083567,128.6184317
대구광역시 북구 침산동 861,35.9010894,128.5810803
대구광역시 북구 침산동 821,35.9014502,128.5867826
대구광역시 북구 노원동3가 187-19,35.8991209,128.5661887
대구광역시 북구 노원동3가 187-14,35.8995027,128.5662656
대구광역시 북구 노원동3가 59-23,35.9004032,128.5691069
대구광역시 북구 노원동3가 3-5,35.9032207,128.5760963
대구광역시 북구 노원동3가 475-3,35.8953188,128.5579745
대구광역시 북구 노원동3가 474-1,35.8955007,128.5587822
대구광역시 북구 침산동 1232,35.895561,128.5828998
대구광역시 북구 침산동 836-5,35.9017588,128.5854023
대구광역시 북구 노원동3가 21-1,35.9007796,128.5761717
대구광역시 북구 노원동3가 59-35,35.900114,128.5681288
대구광역시 북구 노원동3가 176-1,35.8981177,128.5719053
대구광역시 북구 침산동 935-1,35.9020068,128.5803614
대구광역시 북구 노원동3가 3-1,35.9029886,128.5756249
대구광역시 북구 복현동 337-4,35.8933812,128.6226684
대구광역시 북구 노원동3가 39,35.8993622,128.5745917
대구광역시 북구 침산동 769-1,35.9022874,128.5884538
대구광역시 북구 침산동 769-1,35.9022874,128.5884538
대구광역시 북구 노원동3가 678-2,35.8909875,128.560206
대구광역시 북구 산격동 628-1,35.9040124,128.600676
대구광역시 북구 침산동 899-5,35.9012888,128.5801092
대구광역시 북구 침산동 1245-1,35.8942963,128.5810695
대구광역시 북구 침산동 1075,35.8987468,128.5825897
대구광역시 북구 노원동3가 429-16,35.8937531,128.5605278
대구광역시 북구 산격동 26-2,35.9120503,128.6103315
대구광역시 북구 노원동3가 647-1,35.8911746,128.5585591
대구광역시 북구 침산동 858-3,35.9005114,128.5816932
대구광역시 북구 침산동 884,35.9030303,128.5847226
대구광역시 북구 금호동 산97-4외2필지,35.8960823,128.5255812
대구광역시 북구 침산동 780-14,35.902591,128.5859136
대구광역시 북구 산격동 628-18,35.9038667,128.6004278
대구광역시 북구 침산동 1140,35.896555,128.5812566
대구광역시 북구 노원동3가 1135-1,35.8950273,128.576942
대구광역시 북구 침산동 1234-2,35.8952531,128.5828178
대구광역시 북구 침산동 1046-2,35.8995206,128.5821202
대구광역시 북구 동호동 151-2,35.959234,128.5607518
대구광역시 북구 노원동3가 1136-1,35.8945121,128.5764929
대구광역시 북구 침산동 1064-5,35.8986506,128.580492
대구광역시 북구 검단동 1016-5,35.9099757,128.6246586
대구광역시 북구 침산동 866,35.9012136,128.5824328
대구광역시 북구 침산동 1076-13,35.8991355,128.5832882
대구광역시 북구 노원동3가 61-14,35.900262,128.5669335
대구광역시 북구 침산동 750-4,35.9014187,128.5891553
대구광역시 북구 노원동3가 1135-2,35.8948639,128.5768112
대구광역시 북구 관음동 1404-2,35.9406571,128.5476784
대구광역시 북구 국우동 1097-1,35.9445186,128.5702698
대구광역시 북구 침산동 1034-2,35.8998547,128.579763
대구광역시 북구 노원동3가 1133-1,35.8949377,128.5764661
대구광역시 북구 검단동 700-7,35.9152094,128.6227874
대구광역시 북구 노원동3가 523-3,35.8922357,128.5540218
"대구광역시 북구 노원동3가 23 ,2층",35.9016717,128.575457
대구광역시 북구 노원동3가 34-13,35.8979688,128.5753261
대구광역시 북구 노원동3가 74-30,35.8989315,128.5719078
대구광역시 북구 태전동 652-1,35.9169839,128.5463695
대구광역시 북구 산격동 14-95,35.9123209,128.6083404
대구광역시 북구 노원동3가 187-51,35.8996477,128.5657139
대구광역시 북구 노원동3가 535-1,35.8930934,128.556828
대구광역시 북구 노원동3가 3-15,35.903074,128.5762459
대구광역시 북구 노원동3가 303-1,35.8942363,128.5653132
대구광역시 북구 노원동3가 3-7,35.9032532,128.5764599
대구광역시 북구 노원동3가 56-87,35.9030409,128.5720338
대구광역시 북구 노원동3가 4-8,35.903274,128.575329
대구광역시 북구 노원동3가 8-5,35.9031932,128.5750648
대구광역시 북구 노원동3가 4-6,35.9030967,128.5754562
대구광역시 북구 노원동3가 8-4,35.903121,128.574887
대구광역시 북구 검단동 700-12,35.9145692,128.6226716
대구광역시 북구 검단동 838-17,35.9123966,128.6187424
대구광역시 북구 검단동 700-13,35.9148093,128.6231155
대구광역시 북구 검단동 838-4,35.9082735,128.6216318
대구광역시 북구 노원동3가 662,35.8918429,128.5596293
대구광역시 북구 노원동3가 153-4,35.8970058,128.5720125
대구광역시 북구 노원동3가 201-12,35.8976681,128.5672961
대구광역시 북구 노원동3가 234-1,35.8940618,128.5679017
대구광역시 북구 노원동3가 214-9,35.8966231,128.5687098
대구광역시 북구 노원동3가 47-10,35.8996031,128.5735931
대구광역시 북구 노원동3가 237-1,35.8965953,128.5641037
대구광역시 북구 노원동3가 56-55,35.9013681,128.5716495
대구광역시 북구 노원동3가 182-6,35.8961867,128.5715923
대구광역시 북구 노원동3가 494-4,35.894093,128.5537024
대구광역시 북구 노원동3가 56-1,35.9014132,128.5731575
대구광역시 북구 노원동3가 628-1,35.8921734,128.5583235
대구광역시 북구 노원동3가 494-1,35.8939556,128.5535885
대구광역시 북구 노원동3가 56-83,35.9031579,128.5724556
대구광역시 북구 노원동3가 466-1,35.8943754,128.5573465
대구광역시 북구 노원동3가 56-22,35.9016201,128.5734282
대구광역시 북구 노원동3가 214-8,35.8967577,128.5684704
대구광역시 북구 노원동3가 241-6,35.8975793,128.5624169
대구광역시 북구 노원동3가 511,35.8933364,128.5541779
대구광역시 북구 노원동3가 56-20,35.9009014,128.5735161
대구광역시 북구 노원동3가 468-3,35.894585,128.5580159
대구광역시 북구 노원동3가 481-1,35.8946542,128.5559195
대구광역시 북구 노원동3가 59-19,35.8994565,128.5691621
대구광역시 북구 노원동3가 261-1,35.8942125,128.5621129
대구광역시 북구 노원동3가 1206-5,35.8990427,128.5778651
대구광역시 북구 노원동3가 62-13,35.8991742,128.5686317
대구광역시 북구 노원동3가 3-16,35.9029128,128.5762215
대구광역시 북구 노원동3가 187-21,35.8992332,128.5664554
대구광역시 북구 검단동 777-40,35.9124532,128.6253938
대구광역시 북구 노원동3가 407,35.8933309,128.5625198
대구광역시 북구 노원동3가 408-1,35.8933476,128.5622319
대구광역시 북구 노원동3가 58-6,35.9014095,128.5697787
대구광역시 북구 노원동3가 368,35.8927259,128.5660335
대구광역시 북구 노원동3가 191-3,35.8982832,128.5653154
대구광역시 북구 침산동 687,35.9016033,128.5906688
대구광역시 북구 노원동3가 469,35.8942106,128.5580775
대구광역시 북구 노원동3가 465-14,35.8938182,128.55602
대구광역시 북구 노원동3가 425-1,35.8938266,128.5588746
대구광역시 북구 노원동3가 1205-13,35.9002919,128.5784325
대구광역시 북구 노원동3가 481-3,35.8947323,128.5561848
대구광역시 북구 노원동3가 227-8,35.8959741,128.56931
대구광역시 북구 노원동3가 481-2,35.8946923,128.5560516
대구광역시 북구 노원동3가 615-3,35.8913731,128.5569433
대구광역시 북구 노원동3가 468-1,35.894526,128.5578925
대구광역시 북구 노원동3가 329,35.8932188,128.5672089
대구광역시 북구 노원동3가 428-3,35.89353,128.5594695
대구광역시 북구 노원동3가 58-5,35.9005754,128.5696531
대구광역시 북구 노원동3가 443,35.8934462,128.5584909
대구광역시 북구 노원동3가 413-7,35.8936797,128.5613758
대구광역시 북구 노원동3가 187-48,35.8992517,128.5654009
대구광역시 북구 노원동3가 190-3,35.8988562,128.5653516
대구광역시 북구 검단동 887-1,35.9123062,128.6168637
대구광역시 북구 노원동3가 246-2,35.896339,128.5614865
대구광역시 북구 노원동3가 189,35.8990024,128.5649272
대구광역시 북구 노원동3가 241-20,35.8972931,128.5621435
대구광역시 북구 노원동3가 194-6,35.898525,128.564484
대구광역시 북구 노원동3가 245-16,35.897121,128.5619462
대구광역시 북구 노원동3가 244-4,35.8967727,128.5625918
대구광역시 북구 노원동3가 1205-4,35.9002938,128.578037
대구광역시 북구 검단동 838-34,35.9117613,128.6194144
대구광역시 북구 노원동3가 245,35.897121,128.5619462
대구광역시 북구 노원동3가 194-4,35.8986227,128.5644183
대구광역시 북구 노원동3가 485,35.8939207,128.5550925
대구광역시 북구 노원동3가 59-19,35.8994565,128.5691621
대구광역시 북구 노원동3가 429-4,35.8942518,128.5602699
대구광역시 북구 노원동3가 56-42,35.9021589,128.5721493
대구광역시 북구 노원동3가 484,35.8938454,128.5553966
대구광역시 북구 노원동3가 241-25,35.8979866,128.5630136
대구광역시 북구 노원동3가 237-39,35.896123,128.5640992
대구광역시 북구 노원동3가 74-28,35.8989602,128.5727023
대구광역시 북구 노원동3가 547-17,35.8917264,128.5559721
대구광역시 북구 노원동3가 198-17,35.8973614,128.5641069
대구광역시 북구 노원동3가 547-3,35.8923704,128.5558803
대구광역시 북구 노원동3가 1203-3,35.9011381,128.5773452
대구광역시 북구 노원동3가 271-2,35.895044,128.5654817
대구광역시 북구 노원동3가 547-3,35.8923704,128.5558803
대구광역시 북구 노원동3가 187-65,35.9002826,128.5658292
대구광역시 북구 노원동3가 58-6,35.9014095,128.5697787
대구광역시 북구 노원동3가 181-1,35.8963445,128.5702553
대구광역시 북구 노원동3가 187-13,35.8995606,128.5664145
대구광역시 북구 노원동3가 179-1,35.8967628,128.5704245
대구광역시 북구 노원동3가 178-2,35.8973631,128.5708087
대구광역시 북구 노원동3가 245,35.897121,128.5619462
대구광역시 북구 노원동3가 44,35.9006506,128.5748802
대구광역시 북구 검단동 838-41,35.9119433,128.6206589
대구광역시 북구 검단동 887-54,35.9082191,128.6180329
대구광역시 북구 노원동3가 214-10,35.8965385,128.5681121
대구광역시 북구 노원동3가 187-29,35.8988758,128.5661626
대구광역시 북구 침산동 1236,35.8949419,128.5824976
대구광역시 북구 노원동3가 187-29,35.8988758,128.5661626
대구광역시 북구 노원동3가 227-8,35.8959741,128.56931
대구광역시 북구 노원동3가 315,35.8936411,128.5659503
대구광역시 북구 노원동3가 187-43,35.8982233,128.5665479
대구광역시 북구 노원동3가 241-12,35.8972265,128.5632818
대구광역시 북구 노원동3가 689-4,35.8909442,128.561578
대구광역시 북구 노원동3가 74-9,35.8985207,128.5720611
대구광역시 북구 노원동3가 547-2,35.8920914,128.5553987
대구광역시 북구 노원동3가 47-9,35.9002618,128.5728767
대구광역시 북구 노원동3가 474,35.895519,128.558542
대구광역시 북구 노원동3가 450-7,35.8932369,128.5581394
대구광역시 북구 노원동3가 3-22,35.9025203,128.5759251
대구광역시 북구 노원동3가 451,35.8932356,128.5576531
대구광역시 북구 노원동3가 58-6,35.9014095,128.5697787
대구광역시 북구 노원동3가 58-5,35.9005754,128.5696531
대구광역시 북구 노원동3가 325-3,35.8929187,128.5654677
대구광역시 북구 노원동3가 61-13,35.9004408,128.5670577
대구광역시 북구 노원동3가 56-64,35.9016988,128.572249
대구광역시 북구 노원동2가 218-1,35.890349,128.5757251
대구광역시 북구 노원동3가 187-41,35.8984246,128.5668528
대구광역시 북구 노원동3가 470-1,35.894655,128.559031
대구광역시 북구 검단동 838-69,35.9116039,128.6198829
대구광역시 북구 노원동3가 179-6,35.8971031,128.5701256
대구광역시 북구 노원동3가 59-15,35.9003138,128.5683662
대구광역시 북구 노원동3가 59-15,35.9003138,128.5683662
대구광역시 북구 노원동3가 647,35.8911646,128.5583685
대구광역시 북구 노원동3가 59-20,35.899957,128.5695014
대구광역시 북구 노원동3가 265-1,35.894889,128.563931
대구광역시 북구 노원동3가 58-6,35.9014095,128.5697787
대구광역시 북구 노원동3가 429-29,35.8936948,128.5608343
대구광역시 북구 노원동3가 58-6,35.9014095,128.5697787
대구광역시 북구 노원동3가 249-7,35.895461,128.560737
대구광역시 북구 침산동 1155-1,35.8965449,128.5803504
대구광역시 북구 노원동3가 58-6,35.9014095,128.5697787
대구광역시 북구 노원동3가 700-1,35.8908638,128.561027
대구광역시 북구 노원동3가 249-6,35.8957025,128.5605504
대구광역시 북구 노원동3가 631-4,35.8915808,128.5580325
대구광역시 북구 노원동3가 237-34,35.8958141,128.5648104
대구광역시 북구 노원동3가 600-2,35.8912501,128.554901
대구광역시 북구 검단동 887-93,35.9144794,128.6159598
대구광역시 북구 노원동3가 59-36,35.9000433,128.5682136
대구광역시 북구 노원동3가 621,35.892662,128.5571495
대구광역시 북구 노원동3가 630,35.8921543,128.5581727
대구광역시 북구 노원동3가 219,35.8959897,128.5661808
대구광역시 북구 노원동3가 237-51,35.8954883,128.5643351
대구광역시 북구 노원동3가 546,35.8918768,128.5550317
대구광역시 북구 노원동3가 634,35.8913373,128.5576675
대구광역시 북구 노원동3가 615-3,35.8913731,128.5569433
대구광역시 북구 침산동 888,35.9029424,128.5840783
대구광역시 북구 노원동3가 429-28,35.893419,128.5608423
대구광역시 북구 노원동3가 430-1,35.8929646,128.5610739
대구광역시 북구 노원동3가 210-1,35.8970488,128.5669372
대구광역시 북구 검단동 887-62,35.9088584,128.61886
대구광역시 북구 노원동3가 237-9,35.8948329,128.5632139
대구광역시 북구 노원동3가 210-1,35.8970488,128.5669372
대구광역시 북구 노원동3가 237-15,35.8951764,128.5633736
대구광역시 북구 노원동3가 56-65,35.9016435,128.5721123
대구광역시 북구 노원동3가 64-4,35.8995403,128.5718214
대구광역시 북구 노원동3가 59-25,35.9011282,128.5684529
대구광역시 북구 노원동3가 59-47,35.9006805,128.568412
대구광역시 북구 노원동3가 237-27,35.8954514,128.5637522
대구광역시 북구 노원동3가 450-8,35.8932145,128.5582998
대구광역시 북구 노원동3가 23-9,35.901536,128.5761306
대구광역시 북구 노원동3가 189,35.8990024,128.5649272
대구광역시 북구 노원동3가 3-12,35.9028457,128.5757236
대구광역시 북구 노원동3가 1102-1,35.896048,128.5762958
대구광역시 북구 노원동3가 3-19,35.9026835,128.5764724
대구광역시 북구 노원동3가 59-37,35.8999084,128.5683334
대구광역시 북구 검단동 838-102,35.9136771,128.6189584
대구광역시 북구 노원동3가 59-31,35.9009339,128.5674235
대구광역시 북구 노원동3가 547-15,35.8919457,128.5555428
대구광역시 북구 노원동3가 61-8,35.900178,128.5675599
대구광역시 북구 노원동3가 179-10,35.8968548,128.5705991
대구광역시 북구 노원동3가 234-3,35.8940618,128.5679017
대구광역시 북구 노원동3가 656,35.8914363,128.5588777
대구광역시 북구 노원동3가 656-3,35.8914363,128.5588777
대구광역시 북구 노원동3가 58-24,35.9006873,128.5705756
대구광역시 북구 노원동3가 237-12,35.895038,128.5634934
대구광역시 북구 노원동3가 181-16,35.8961906,128.5704082
대구광역시 북구 노원동3가 21-7,35.9013615,128.5764362
대구광역시 북구 노원동3가 20-10,35.9009337,128.5771078
대구광역시 북구 노원동3가 20-9,35.9007975,128.5771323
대구광역시 북구 침산동 913-9,35.9023826,128.5824291
대구광역시 북구 노원동3가 547-11,35.8922399,128.5556479
대구광역시 북구 노원동3가 547-11,35.8922399,128.5556479
대구광역시 북구 노원동3가 1124,35.8946892,128.5754707
대구광역시 북구 노원동3가 547-11,35.8922399,128.5556479
대구광역시 북구 노원동3가 465-11,35.8940835,128.5565402
대구광역시 북구 노원동3가 202-2,35.8978296,128.5668929
대구광역시 북구 노원동3가 1145-1,35.8941608,128.5762633
대구광역시 북구 노원동3가 465-11,35.8940835,128.5565402
대구광역시 북구 노원동3가 628-3,35.8922106,128.5580856
대구광역시 북구 노원동3가 20-5,35.9007875,128.5767755
대구광역시 북구 노원동3가 261-12,35.8944171,128.562512
대구광역시 북구 침산동 1405-1,35.8941857,128.5787624
대구광역시 북구 노원동3가 58-8,35.9018222,128.5686573
대구광역시 북구 노원동3가 59-3,35.9001787,128.5693035
대구광역시 북구 노원동3가 58-8,35.9018222,128.5686573
대구광역시 북구 노원동3가 1098,35.8967002,128.5773008
대구광역시 북구 검단동 838-112,35.9130702,128.6186811
대구광역시 북구 침산동 913-4,35.9023826,128.5824291
대구광역시 북구 노원동3가 181-4,35.8967598,128.5708609
대구광역시 북구 노원동3가 62-20,35.8993987,128.5684394
대구광역시 북구 노원동3가 237-16,35.8952905,128.5632758
대구광역시 북구 노원동3가 245-8,35.8963502,128.5619662
대구광역시 북구 침산동 1142-2,35.8969796,128.581428
대구광역시 북구 노원동3가 429-2,35.8942695,128.5609181
대구광역시 북구 노원동3가 1045-2,35.8956133,128.5737139
대구광역시 북구 노원동3가 634-2,35.8912885,128.5580958
대구광역시 북구 노원동3가 621,35.892662,128.5571495
대구광역시 북구 노원동3가 626-7,35.8925501,128.5575552
대구광역시 북구 노원동3가 36-4,35.8982201,128.5748017
대구광역시 북구 침산동 780-16,35.9026084,128.5856556
대구광역시 북구 노원동3가 187-68,35.9000798,128.5654433
대구광역시 북구 노원동3가 23-5,35.9011556,128.5751918
대구광역시 북구 노원동3가 187-60,35.8998299,128.5656786
대구광역시 북구 침산동 1146-2,35.897213,128.5799387
대구광역시 북구 검단동 507,35.91385,128.612148
대구광역시 북구 노원동3가 246-2,35.896339,128.5614865
대구광역시 북구 노원동3가 273,35.8946306,128.564843
대구광역시 북구 침산동 1121-2,35.8962508,128.5819001
대구광역시 북구 침산동 999-1,35.9026898,128.579468
대구광역시 북구 검단동 531-2,35.9121621,128.6112088
대구광역시 북구 검단동 887-157,35.9083567,128.6184317
대구광역시 북구 검단동 887-88,35.9147596,128.6151022
대구광역시 북구 노원동3가 429-22,35.8941288,128.5607443
"대구광역시 북구 검단동 838-4, 109동117호",35.9082735,128.6216318
대구광역시 북구 노원동3가 429-13,35.8939707,128.5604352
대구광역시 북구 노원동3가 277,35.8942388,128.5640039
대구광역시 북구 노원동3가 183-18,35.8966,128.5728271
대구광역시 북구 노원동3가 188-2,35.8995296,128.5649575
대구광역시 북구 노원동3가 277,35.8942388,128.5640039
대구광역시 북구 노원동3가 475-7,35.8953188,128.5579745
대구광역시 북구 침산동 1002-3,35.9018545,128.5799881
대구광역시 북구 검단동 711,35.9152474,128.6211866
대구광역시 북구 침산동 1045,35.8996844,128.5829212
대구광역시 북구 노원동3가 21-10,35.9010783,128.576473
대구광역시 북구 노원동3가 1213,35.897039,128.5780798
대구광역시 북구 노원동3가 633,35.8914995,128.5576919
대구광역시 북구 노원동3가 633,35.8914995,128.5576919
대구광역시 북구 산격동 7-11,35.9133206,128.6065133
대구광역시 북구 노원동3가 245,35.897121,128.5619462
대구광역시 북구 노원동3가 507,35.8930815,128.5531648
대구광역시 북구 노원동3가 236-9,35.8952295,128.5700823
대구광역시 북구 검단동 777-47,35.9123289,128.6229487
대구광역시 북구 산격동 20-3,35.9123765,128.6092826
대구광역시 북구 침산동 1084,35.8985068,128.5843094
"대구광역시 북구 산격동 14-71, 74",35.9120876,128.607049
대구광역시 북구 산격동 14-87,35.9124225,128.6087445
대구광역시 북구 산격동 14-87,35.9124225,128.6087445
대구광역시 북구 노원동3가 220,35.8958182,128.5654762
대구광역시 북구 산격동 7-29,35.9127286,128.6072023
대구광역시 북구 산격동 14-14,35.9126226,128.607668
대구광역시 북구 산격동 7-29,35.9127286,128.6072023
대구광역시 북구 산격동 20-35,35.9112894,128.6096576
대구광역시 북구 침산동 1051,35.8990352,128.5798003
대구광역시 북구 검단동 838-62,35.9107013,128.6218624
대구광역시 북구 산격동 673,35.9053454,128.6015923
대구광역시 북구 산격동 673-8,35.9053454,128.6015923
대구광역시 북구 침산동 1157,35.8966638,128.5796279
대구광역시 북구 산격동 14-68,35.9125859,128.6069021
대구광역시 북구 노원동3가 241-15,35.8973321,128.5628527
대구광역시 북구 노원동3가 448-1,35.8935798,128.5576621
대구광역시 북구 산격동 321-3,35.9089366,128.6058129
대구광역시 북구 노원동3가 302-4,35.8939729,128.5649646
대구광역시 북구 침산동 1103-1,35.8982622,128.5821541
대구광역시 북구 노원동3가 183-21,35.8963487,128.573162
대구광역시 북구 태전동 810-2,35.9147684,128.5501347
대구광역시 북구 침산동 1070,35.8991861,128.5825121
대구광역시 북구 노원동3가 1220-1,35.8983985,128.5787532
대구광역시 북구 노원동3가 1220-1,35.8983985,128.5787532
대구광역시 북구 학정동 942-3,35.9499382,128.5653062
대구광역시 북구 매천동 215-1,35.9100398,128.5416818
대구광역시 북구 침산동 1061-5,35.8980658,128.5800856
대구광역시 북구 고성동3가 83,35.8826338,128.5830022
대구광역시 북구 검단동 570-2,35.9122121,128.6120057
대구광역시 북구 고성동3가 133-1,35.8831813,128.5818101
대구광역시 북구 노원동3가 59-17,35.9010255,128.5676745
대구광역시 북구 침산동 771-1,35.9024532,128.5879189
대구광역시 북구 서변동 1780-2,35.9237206,128.5986608
대구광역시 북구 노원동3가 643-5,35.8905865,128.5586447
대구광역시 북구 침산동 1045,35.8996844,128.5829212
대구광역시 북구 검단동 887-75,35.9102728,128.617393
대구광역시 북구 노원동3가 56-30,35.9026796,128.573139
대구광역시 북구 침산동 1083,35.898753,128.5842902
대구광역시 북구 노원동3가 20-12,35.9017809,128.5771261
대구광역시 북구 산격동 696-9,35.903313,128.5981471
대구광역시 북구 노원동3가 643-2,35.8907822,128.5588155
대구광역시 북구 침산동 881-3,35.9024158,128.5848655
대구광역시 북구 침산동 1066-3,35.8989759,128.5810616
대구광역시 북구 노원동3가 600,35.8912501,128.554901
대구광역시 북구 산격동 485-2,35.9014852,128.6145619
대구광역시 북구 노원동3가 1205-1,35.8994044,128.5785667
대구광역시 북구 노원동3가 31,35.8994991,128.5768581
대구광역시 북구 산격동 645-4,35.9028176,128.5991725
대구광역시 북구 산격동 696-1,35.903313,128.5981471
대구광역시 북구 노원동3가 247,35.8960017,128.5611441
대구광역시 북구 노원동3가 187-17,35.8992558,128.5658684
대구광역시 북구 노원동3가 676,35.8911342,128.5604518
대구광역시 북구 노원동3가 58-37,35.9008966,128.5711166
대구광역시 북구 노원동3가 1-1,35.9033016,128.5776479
대구광역시 북구 침산동 929,35.9019549,128.5814124
대구광역시 북구 노원동3가 179-5,35.8969113,128.570286
대구광역시 북구 침산동 864-2,35.9011621,128.5820712
대구광역시 북구 노원동1가 173,35.890636,128.5775193
대구광역시 북구 침산동 1113-15,35.8963498,128.5826774
대구광역시 북구 학정동 376-2,35.9558144,128.5661296
대구광역시 북구 노원동3가 1209,35.8965531,128.5782823
대구광역시 북구 대현동 403-8,35.8831591,128.6070663
대구광역시 북구 학정동468-2,35.9560654,128.5662345
대구광역시 북구 침산동 780-13,35.9025793,128.5860941
대구광역시 북구 침산동 1224,35.8947835,128.5817011
대구광역시 북구 산격동 620-2,35.9049569,128.6024834
대구광역시 북구 침산동 864-3,35.9011621,128.5820712
대구광역시 북구 침산동 864,35.9011621,128.5820712
대구광역시 북구 산격동 622-3,35.9044706,128.6007913
대구광역시 북구 침산동 861,35.9010894,128.5810803
대구광역시 북구 침산동 1087,35.8977951,128.5838755
대구광역시 북구 침산동 935-2,35.9018103,128.58037
대구광역시 북구 태전동 460-1,35.9151593,128.5507834
대구광역시 북구 노원동3가 256-2,35.8946057,128.5613115
대구광역시 북구 노원동3가 1137-2,35.8944197,128.5767736
대구광역시 북구 노원동3가 1135-3,35.8946321,128.5768438
대구광역시 북구 산격동 561-1,35.9026134,128.6016059
"대구광역시 북구 노원동3가 704, 1층",35.8922995,128.5612343
대구광역시 북구 노원동3가 709-2,35.8919786,128.5614436
대구광역시 북구 조야동 72-2,35.9109099,128.5772057
대구광역시 북구 노원동3가 36-5,35.8981362,128.5746382
대구광역시 북구 노원동2가 85-3,35.8910346,128.5752249
대구광역시 북구 금호동 727,35.9039347,128.5258904
대구광역시 북구 검단동 838-123,35.9113294,128.6208414
대구광역시 북구 연경동 977,35.9631385,128.6126523
대구광역시 북구 침산동 504-2,35.8939212,128.5872044
대구광역시 북구 도남동 517,35.9600797,128.5817028
대구광역시 북구 노원동3가 325-1,35.892835,128.5652567
"대구광역시 북구 노원동3가 1098-5,1층",35.8968748,128.576993
대구광역시 북구 복현동 302-10,35.8950124,128.6277146
대구광역시 북구 산격동 338-12,35.9070393,128.6042108
대구광역시 북구 침산동 1113-17,35.8960857,128.5824849
대구광역시 북구 검단동 887-87,35.9140716,128.6149761
"대구광역시 북구 침산동 999-1, 203호",35.9026898,128.579468
"대구광역시 북구 침산동 999-1, 204호",35.9026898,128.579468
대구광역시 북구 노원동3가 1032-2,35.8937584,128.570867
대구광역시 북구 노곡동 411,35.9052692,128.561492
대구광역시 북구 읍내동 652-1 외 2필지,35.9471918,128.5500002
대구광역시 북구 침산동 1076-9,35.8986457,128.5831772
대구광역시 북구 연경동 1078-1,35.9631385,128.6126523
대구광역시 서구 염색공단중앙로 77 (비산동),35.8852141,128.54721
대구광역시 서구 염색공단천로 45 (비산동),35.8901964,128.5482323
대구광역시 서구 평리로35길 67 (중리동),35.8661933,128.5427087
대구광역시 서구 염색공단로 107 (비산동),35.8845862,128.5447613
대구광역시 서구 염색공단로 104 (비산동),35.8854217,128.5449575
대구광역시 서구 평리로33길 17 (중리동),35.8610459,128.5406983
대구광역시 서구 염색공단로11길 1 (비산동),35.8874863,128.5523373
대구광역시 서구 염색공단천로 93 (비산동),35.8885566,128.5439445
대구광역시 서구 염색공단중앙로 95 (비산동),35.8868724,128.5460518
대구광역시 서구 염색공단로13길 28 (비산동),35.8841205,128.5502328
대구광역시 서구 국채보상로 136 (중리동),35.8680297,128.5458063
대구광역시 서구 염색공단로11길 2 (비산동),35.8872587,128.5512624
대구광역시 서구 염색공단로13길 22 (비산동),35.8848758,128.5502469
대구광역시 서구 국채보상로19길 17 (이현동),35.8705438,128.5416228
대구광역시 서구 염색공단로 93 (비산동),35.8852184,128.5462753
대구광역시 서구 염색공단로 47 (비산동),35.887,128.5508741
대구광역시 서구 염색공단중앙로 33 (평리동),35.8819884,128.5467947
대구광역시 서구 달서천로 160-27 (평리동),35.8814456,128.5535346
대구광역시 서구 달서천로 144 (평리동),35.8818605,128.5501241
대구광역시 서구 달서천로 34 (이현동),35.8790816,128.5442253
대구광역시 서구 달서천로 146 (평리동),35.8818391,128.5504762
대구광역시 서구 달서천로 76 (평리동),35.8823702,128.5426983
대구광역시 서구 달서천로 164 (평리동),35.8816775,128.5521042
대구광역시 서구 달서천로 42 (이현동),35.8780228,128.534325
대구광역시 서구 달서천로 30 (이현동),35.8748981,128.5389256
대구광역시 서구 달서천로 158 (평리동),35.8820891,128.5513894
대구광역시 서구 염색공단중앙로 60 (비산동),35.8839083,128.5495369
대구광역시 서구 염색공단중앙로 66 (비산동),35.8845057,128.5489861
대구광역시 서구 와룡로99길 32 (이현동),35.877583,128.53595
대구광역시 서구 염색공단천로 15 (비산동),35.8915214,128.5515799
대구광역시 서구 북비산로6길 5 (이현동),35.8778391,128.535903
대구광역시 서구 문화로19길 25 (이현동),35.8765971,128.542742
대구광역시 서구 와룡로72길 47 (중리동),35.8654419,128.5428497
대구광역시 서구 염색공단로13길 18 (비산동),35.885205,128.5497984
대구광역시 서구 염색공단로13길 1 (비산동),35.8867175,128.5499672
대구광역시 서구 염색공단로 63 (비산동),35.8862427,128.5495353
대구광역시 서구 염색공단로 116 (비산동),35.8850705,128.5437003
대구광역시 서구 염색공단로 74 (비산동),35.8866534,128.5480174
대구광역시 서구 염색공단로 67 (비산동),35.8859618,128.5492686
대구광역시 서구 문화로3길 14 (이현동),35.8757251,128.5343771
대구광역시 서구 문화로14길 38 (이현동),35.8715275,128.5422634
대구광역시 서구 염색공단로 68 (비산동),35.8867874,128.5484979
대구광역시 서구 염색공단중앙로 78 (비산동),35.8858302,128.5482897
대구광역시 서구 와룡로90길 7 (이현동),35.8730919,128.5395332
대구광역시 서구 염색공단로 108 (비산동),35.8851993,128.5445185
대구광역시 서구 염색공단로11길 56 (비산동),35.8832676,128.5530489
대구광역시 서구 염색공단로13길 38 (비산동),35.8837145,128.5505213
대구광역시 서구 와룡로90길 8 (이현동),35.8726185,128.5393694
대구광역시 서구 와룡로 349 (중리동),35.8639007,128.5372032
대구광역시 서구 와룡로99길 27 (이현동),35.877328,128.5363193
대구광역시 서구 장산로 304 (이현동),35.8542441,128.5258354
대구광역시 서구 염색공단천로6길 6 (비산동),35.8921656,128.5508489
대구광역시 서구 평리로 331 (평리동),35.8645564,128.5594286
대구광역시 서구 북비산로 293 (평리동),35.8797502,128.5653487
대구광역시 서구 원대로 47 (원대동1가),35.8817873,128.5804398
대구광역시 서구 서대구로 295 (비산동),35.8842282,128.5552275
대구광역시 서구 평리로 157 (중리동),35.8596025,128.5405922
대구광역시 서구 평리로 260 (내당동),35.8625066,128.551886
대구광역시 서구 달구벌대로 1833 (내당동),35.8607835,128.5652117
대구광역시 서구 평리로 156 (중리동),35.8588222,128.5415358
대구광역시 서구 서대구로 295 (비산동),35.8842282,128.5552275
대구광역시 서구 달구벌대로363길 1 (내당동),35.8606885,128.5623932
대구광역시 서구 평리로 180-1 (내당동),35.8598803,128.5441294
대구광역시 서구 당산로77길 23 (이현동),35.8698923,128.5439122
대구광역시 서구 평리로 286 (내당동),35.8628703,128.5547076
대구광역시 서구 평리동 658-11,35.8792275,128.5662741
대구광역시 서구 북비산로 252 (평리동),35.8790064,128.5607783
대구광역시 서구 와룡로83길 5-1 (이현동),35.8696521,128.5369973
대구광역시 서구 중리동 1120-1,35.8634937,128.5379246
대구광역시 서구 국채보상로 181 (평리동),35.8701008,128.5505777
대구광역시 서구 북비산로 177 (평리동),35.8793088,128.5524998
대구광역시 서구 북비산로 183 (평리동),35.8793884,128.5532335
대구광역시 서구 서대구로 105 (평리동),35.8673909,128.5549882
대구광역시 서구 와룡로 392 (중리동),35.8680828,128.5384362
대구광역시 서구 북비산로 12-18 (이현동),35.8768143,128.533484
대구광역시 서구 와룡로75길 15 (중리동),35.8654211,128.5358172
대구광역시 서구 와룡로70길 37 (중리동),35.8639019,128.541753
대구광역시 서구 염색공단중앙로 86 (비산동),35.8865782,128.5475162
대구광역시 서구 팔달로2길 18 (비산동),35.8927594,128.5504809
대구광역시 서구 염색공단천로 37 (비산동),35.890628,128.5494626
대구광역시 서구 와룡로72길 24 (중리동),35.8646374,128.5401657
대구광역시 서구 와룡로72길 18 (중리동),35.8646248,128.539756
대구광역시 서구 염색공단로 60 (비산동),35.8872323,128.5495443
대구광역시 서구 북비산로 279 (평리동),35.8796375,128.5638228
대구광역시 서구 국채보상로 71 (이현동),35.8738555,128.5458695
대구광역시 서구 와룡로66안길 5 (중리동),35.8626251,128.5402783
대구광역시 서구 염색공단로 91 (비산동),35.8852229,128.5466729
대구광역시 서구 염색공단로11길 34 (비산동),35.8847338,128.552306
대구광역시 서구 와룡로75길 24 (중리동),35.8662143,128.5348093
대구광역시 서구 달서로25길 46 (평리동),35.8756197,128.5668188
대구광역시 서구 국채보상로7길 50 (이현동),35.8714414,128.5354267
대구광역시 서구 염색공단로21길 8 (비산동),35.8844259,128.5453229
대구광역시 서구 서대구로 106 (평리동),35.8673731,128.5559271
대구광역시 서구 서대구로 338 (비산동),35.887365,128.5588845
대구광역시 서구 문화로23길 15 (이현동),35.8755091,128.5451499
대구광역시 서구 와룡로 368 (중리동),35.865695,128.5378675
대구광역시 서구 문화로7길 32 (이현동),35.8770471,128.5368645
대구광역시 서구 문화로19길 28 (이현동),35.8766879,128.543179
대구광역시 서구 국채보상로6길 20 (중리동),35.8666588,128.5347791
대구광역시 서구 중리동 1146-2,35.8618431,128.541398
대구광역시 서구 국채보상로10길 8 (중리동),35.8678617,128.5358646
대구광역시 서구 염색공단천로1길 2 (비산동),35.8918124,128.5527694
대구광역시 서구 염색공단중앙로 70 (비산동),35.8852317,128.5485005
대구광역시 서구 와룡로 358 (중리동),35.8643753,128.5379029
대구광역시 서구 평리로29길 28 (중리동),35.8614243,128.5401262
대구광역시 서구 와룡로90길 31 (이현동),35.8717317,128.5417653
대구광역시 서구 국채보상로 82 (중리동),35.8684003,128.5401702
대구광역시 서구 국채보상로7길 46 (이현동),35.8714414,128.5354267
대구광역시 서구 문화로4길 16 (이현동),35.8729491,128.5335633
대구광역시 서구 평리로17길 69 (중리동),35.8647183,128.5345734
대구광역시 서구 염색공단천로7길 6 (비산동),35.8903805,128.5495727
대구광역시 서구 북비산로 48 (이현동),35.8780273,128.5381646
대구광역시 서구 달서천로 168 (평리동),35.8819509,128.5526255
대구광역시 서구 북비산로 154 (평리동),35.8783513,128.5500113
대구광역시 서구 염색공단로 27 (비산동),35.8877696,128.5530636
대구광역시 서구 와룡로90길 8-6 (이현동),35.8723356,128.5393553
대구광역시 서구 염색공단로13길 43 (비산동),35.8833564,128.5519575
대구광역시 서구 국채보상로14길 21 (중리동),35.866709,128.5394833
대구광역시 서구 염색공단로13길 45 (비산동),35.8835008,128.5523151
대구광역시 서구 국채보상로21길 11 (이현동),35.8702981,128.5424565
대구광역시 서구 국채보상로21길 26 (이현동),35.8702981,128.5424565
대구광역시 서구 평리로35길 84 (중리동),35.8675236,128.5441075
대구광역시 서구 평리로35길 84 (중리동),35.8675236,128.5441075
대구광역시 서구 와룡로90길 24 (이현동),35.8714084,128.5404907
대구광역시 서구 염색공단로 117 (비산동),35.8843372,128.544012
대구광역시 서구 와룡로98길 15 (이현동),35.8761304,128.5410887
대구광역시 서구 달서천로 92 (평리동),35.8822123,128.5441204
대구광역시 서구 평리로33길 20 (중리동),35.8608191,128.5412194
대구광역시 서구 국채보상로19길 20 (이현동),35.8705438,128.5416228
대구광역시 서구 와룡로73길 64 (중리동),35.8678501,128.5319911
대구광역시 서구 가르뱅이로6길 42 (이현동),35.8803724,128.5380077
대구광역시 서구 북비산로 49 (이현동),35.8787684,128.5383147
대구광역시 서구 달서천로 28 (이현동),35.8735844,128.5426351
대구광역시 서구 달서천로 86 (평리동),35.8822779,128.5437698
대구광역시 서구 달서천로 82 (평리동),35.8822722,128.5430543
대구광역시 서구 평리로 311 (평리동),35.863939,128.5575009
대구광역시 서구 와룡로87길 8-1 (이현동),35.8717031,128.5372902
대구광역시 서구 서대구로63길 11 (비산동),35.8867779,128.5562344
대구광역시 서구 북비산로 107 (이현동),35.8788917,128.5449615
대구광역시 서구 와룡로73길 57-22 (중리동),35.8660856,128.5306915
대구광역시 서구 국채보상로6길 32 (중리동),35.8667314,128.5354628
대구광역시 서구 북비산로29길 34 (평리동),35.8804222,128.5459333
대구광역시 서구 국채보상로7길 48 (이현동),35.8714414,128.5354267
대구광역시 서구 염색공단로 71 (비산동),35.885948,128.5487491
대구광역시 서구 국채보상로14길 17 (중리동),35.8671731,128.539482
대구광역시 서구 와룡로70길 14 (중리동),35.8635266,128.5390432
대구광역시 서구 북비산로7길 6-11 (이현동),35.8793496,128.5383463
대구광역시 서구 가르뱅이로6길 45 (이현동),35.8808009,128.5381191
대구광역시 서구 고성로 104 (원대동1가),35.8823883,128.5772822
대구광역시 서구 국채보상로5길 15 (이현동),35.8700502,128.5340566
대구광역시 서구 와룡로70길 43 (중리동),35.8638113,128.5424577
대구광역시 서구 와룡로70길 13 (중리동),35.8640592,128.5390545
대구광역시 서구 국채보상로 25 (이현동),35.87396,128.5412943
대구광역시 서구 북비산로29길 40 (이현동),35.8804372,128.5454207
대구광역시 서구 와룡로87길 31-1 (이현동),35.8716215,128.5345566
대구광역시 서구 문화로4길 11 (이현동),35.8735152,128.5343512
대구광역시 서구 국채보상로 38-12 (중리동),35.8674069,128.5349801
대구광역시 서구 국채보상로5길 8 (이현동),35.8700502,128.5340566
대구광역시 서구 서대구로 121 (평리동),35.8687847,128.5547167
대구광역시 서구 염색공단로 26 (비산동),35.8893473,128.5519902
대구광역시 서구 달서천로 160-25 (평리동),35.8814707,128.5529833
대구광역시 서구 와룡로87길 31 (이현동),35.8716108,128.5347404
대구광역시 서구 국채보상로5길 12 (이현동),35.8700502,128.5340566
대구광역시 서구 와룡로62길 9 (중리동),35.8605712,128.5386379
대구광역시 서구 염색공단중앙로 61 (비산동),35.8841279,128.5482248
대구광역시 서구 와룡로69길 12 (중리동),35.8641398,128.536144
대구광역시 서구 장산로 322 (이현동),35.8735605,128.5405386
대구광역시 서구 와룡로66길 21 (중리동),35.8624924,128.5399275
대구광역시 서구 평리로17길 64 (중리동),35.8642837,128.53501
대구광역시 서구 문화로17길 23 (이현동),35.8763026,128.5418939
대구광역시 서구 국채보상로 77 (이현동),35.8748981,128.5389256
대구광역시 서구 염색공단중앙로 69 (비산동),35.8848086,128.5472039
대구광역시 서구 염색공단중앙로 65 (비산동),35.8841722,128.5470212
대구광역시 서구 평리로35길 65-1 (중리동),35.8658481,128.5427097
대구광역시 서구 와룡로69길 60-7 (중리동),35.8660241,128.531774
대구광역시 서구 문화로7길 29 (이현동),35.8770467,128.5361358
대구광역시 서구 달서천로 84 (평리동),35.8823292,128.5433991
대구광역시 서구 와룡로84길 25 (이현동),35.8702939,128.5410036
대구광역시 서구 염색공단천로 92 (비산동),35.8891242,128.5437966
대구광역시 서구 북비산로 165 (평리동),35.8792585,128.5512779
대구광역시 서구 팔달로 78 (비산동),35.8899515,128.5583533
대구광역시 서구 와룡로69길 60-3 (중리동),35.8658877,128.5316303
대구광역시 서구 와룡로83길 11 (이현동),35.8697141,128.5364208
대구광역시 서구 국채보상로 209 (평리동),35.8705382,128.5538519
대구광역시 서구 국채보상로 43 (이현동),35.8778252,128.5446054
대구광역시 서구 평리로29길 21 (중리동),35.8609913,128.5394158
대구광역시 서구 북비산로 95 (이현동),35.8788681,128.5434032
대구광역시 서구 와룡로87길 50 (이현동),35.8721951,128.532648
대구광역시 서구 염색공단로13길 16 (비산동),35.8854342,128.5497446
대구광역시 서구 염색공단로13길 26 (비산동),35.8846843,128.5505269
대구광역시 서구 국채보상로 355-1 (비산동),35.872443,128.5699722
대구광역시 서구 와룡로 480 (이현동),35.8755942,128.5398746
대구광역시 서구 와룡로 377-8 (중리동),35.8667661,128.5365903
대구광역시 서구 달서로 67 (비산동),35.868194,128.5707601
대구광역시 서구 문화로3길 10 (이현동),35.8754525,128.5342712
대구광역시 서구 와룡로 350 (중리동),35.8639667,128.5383685
대구광역시 서구 달서천로 68 (이현동),35.8748981,128.5389256
대구광역시 서구 가르뱅이로6길 39 (이현동),35.8808464,128.5376089
대구광역시 서구 북비산로29길 58 (이현동),35.880433,128.5435622
대구광역시 서구 염색공단로13길 31 (비산동),35.883932,128.5514542
대구광역시 서구 염색공단천로 78 (비산동),35.889715,128.5450878
대구광역시 서구 염색공단로13길 31 (비산동),35.883932,128.5514542
대구광역시 서구 문화로23길 13 (이현동),35.8754416,128.5447341
대구광역시 서구 와룡로 393 (중리동),35.8679396,128.5371895
대구광역시 서구 국채보상로5길 25 (이현동),35.8700502,128.5340566
대구광역시 서구 와룡로66길 26 (중리동),35.8620117,128.5405919
대구광역시 서구 서대구로 207 (평리동),35.876601,128.5545065
대구광역시 서구 와룡로 447-11 (이현동),35.8727519,128.5369617
대구광역시 서구 문화로21길 22 (이현동),35.8762089,128.5440639
대구광역시 서구 염색공단로5길 7 (비산동),35.8878616,128.5542139
대구광역시 서구 와룡로66길 22 (중리동),35.8620023,128.5400715
대구광역시 서구 평리로21길 23-6 (중리동),35.8612862,128.5347297
대구광역시 서구 염색공단천로 106 (비산동),35.8885765,128.5423297
대구광역시 서구 달서천로 142 (평리동),35.8817899,128.5497936
대구광역시 서구 국채보상로19길 17 (이현동),35.8705438,128.5416228
대구광역시 서구 와룡로100길 16 (이현동),35.8770112,128.5418434
대구광역시 서구 달서천로 160 (평리동),35.8816286,128.5513663
대구광역시 서구 국채보상로 71 (이현동),35.8738555,128.5458695
대구광역시 서구 장산로 300 (이현동),35.8780619,128.5400929
대구광역시 서구 달서천로 72 (이현동),35.8749861,128.5339557
대구광역시 서구 와룡로90길 8-13 (이현동),35.8716239,128.5398699
대구광역시 서구 서대구로63길 5 (비산동),35.8862228,128.5566093
대구광역시 서구 염색공단로 121-14 (비산동),35.8837948,128.5435775
대구광역시 서구 와룡로100길 16 (이현동),35.8770112,128.5418434
대구광역시 서구 문화로14길 18 (이현동),35.8727297,128.5408917
대구광역시 서구 국채보상로5길 34 (이현동),35.8700502,128.5340566
대구광역시 서구 북비산로7길 14-6 (이현동),35.8794459,128.5377899
대구광역시 서구 와룡로65길 14 (중리동),35.8623849,128.5361643
대구광역시 서구 북비산로6길 34 (이현동),35.8753445,128.5344421
대구광역시 서구 문화로 42 (이현동),35.8780228,128.534325
대구광역시 서구 국채보상로7길 24 (이현동),35.8714414,128.5354267
대구광역시 서구 북비산로 113-8 (평리동),35.8795708,128.5458533
대구광역시 서구 문화로 19 (이현동),35.8750438,128.534573
대구광역시 서구 국채보상로7길 42 (이현동),35.8714414,128.5354267
대구광역시 서구 서대구로63안길 22 (비산동),35.8859505,128.554668
대구광역시 서구 와룡로87길 11 (이현동),35.8711552,128.5366464
대구광역시 서구 와룡로66길 21 (중리동),35.8624924,128.5399275
대구광역시 서구 와룡로99길 17 (이현동),35.8775429,128.5367979
대구광역시 서구 와룡로73길 26 (중리동),35.8665258,128.5333211
대구광역시 서구 와룡로99길 21 (이현동),35.8773401,128.5370414
대구광역시 서구 장산로 216 (중리동),35.8542441,128.5258354
대구광역시 서구 와룡로66길 21 (중리동),35.8624924,128.5399275
대구광역시 서구 북비산로6길 28 (이현동),35.8769654,128.5349657
대구광역시 서구 염색공단천로8길 3 (비산동),35.8922467,128.5489256
대구광역시 서구 와룡로73길 29 (중리동),35.8655694,128.534093
대구광역시 서구 와룡로 448 (이현동),35.8726795,128.5390376
대구광역시 서구 서대구로63길 13 (비산동),35.8871106,128.5564128
대구광역시 서구 염색공단천로4길 5 (비산동),35.8922688,128.5511254
대구광역시 서구 국채보상로 94 (중리동),35.8682559,128.5414316
대구광역시 서구 염색공단로21길 20 (비산동),35.8837654,128.5456993
대구광역시 서구 와룡로 425 (이현동),35.8707893,128.5376605
대구광역시 서구 와룡로66길 29 (중리동),35.8627522,128.5410841
대구광역시 서구 국채보상로14길 17 (중리동),35.8671731,128.539482
대구광역시 서구 와룡로97길 25 (이현동),35.8761923,128.5376516
대구광역시 서구 염색공단천로 98 (비산동),35.8888994,128.5430862
대구광역시 서구 북비산로 112-18 (이현동),35.8777502,128.5450623
대구광역시 서구 국채보상로5길 15 (이현동),35.8700502,128.5340566
대구광역시 서구 와룡로 385-5 (중리동),35.8670092,128.5366451
대구광역시 서구 와룡로87길 8 (이현동),35.8716872,128.5374241
대구광역시 서구 팔달로2길 29 (비산동),35.8918016,128.5494408
대구광역시 서구 장산로 286 (이현동),35.8785451,128.5378713
대구광역시 서구 와룡로73길 28 (중리동),35.8665258,128.5333211
대구광역시 서구 국채보상로 122 (중리동),35.8685436,128.5443658
대구광역시 서구 평리로33길 28 (중리동),35.8616926,128.5413914
대구광역시 서구 문화로14길 6 (이현동),35.8737093,128.5399394
대구광역시 서구 와룡로 391-6 (중리동),35.8679016,128.5368172
대구광역시 서구 달구벌대로 1845 (내당동),35.8610777,128.5662856
대구광역시 서구 평리로33길 29 (중리동),35.8617494,128.5407983
대구광역시 서구 염색공단천로 8 (비산동),35.8924218,128.5521755
대구광역시 서구 문화로14길 28 (이현동),35.8719839,128.5415998
대구광역시 서구 와룡로90길 27 (이현동),35.8718387,128.5414206
대구광역시 서구 국채보상로3길 30 (이현동),35.8711841,128.533598
대구광역시 서구 와룡로 350 (중리동),35.8639667,128.5383685
대구광역시 서구 평리로29길 33 (중리동),35.8615969,128.5394365
대구광역시 서구 염색공단로13길 41 (비산동),35.8835336,128.5518435
대구광역시 서구 서대구로63안길 13 (비산동),35.8860004,128.555581
대구광역시 서구 팔달로2길 49 (비산동),35.8919756,128.5492399
대구광역시 서구 서대구로 201 (평리동),35.8761032,128.554565
대구광역시 서구 와룡로66길 7-8 (중리동),35.8630145,128.5386743
대구광역시 서구 문화로 38-7 (이현동),35.874154,128.5366345
대구광역시 서구 와룡로 329 (중리동),35.8622466,128.5370514
대구광역시 서구 염색공단중앙로 59 (비산동),35.8838712,128.5483803
대구광역시 서구 와룡로100길 16 (이현동),35.8770112,128.5418434
대구광역시 서구 와룡로87길 24 (이현동),35.8718898,128.5356492
대구광역시 서구 서대구로 201 (평리동),35.8761032,128.554565
대구광역시 서구 와룡로 420 (이현동),35.8702161,128.5384484
대구광역시 서구 와룡로 427 (이현동),35.8690766,128.5382005
대구광역시 서구 와룡로 433 (이현동),35.8715138,128.5378924
대구광역시 서구 팔달로2길 51 (비산동),35.8919756,128.5492399
대구광역시 서구 염색공단로 53 (비산동),35.886882,128.5504679
대구광역시 서구 평리로21길 27 (중리동),35.8612841,128.5352169
대구광역시 서구 염색공단로 90 (비산동),35.8861935,128.5465057
대구광역시 서구 염색공단천로 8 (비산동),35.8924218,128.5521755
대구광역시 서구 비산동2049-21,35.8753509,128.5509772
대구광역시 서구 비산동 2049-23,35.8753509,128.5509772
대구광역시 서구 염색공단천로 94-1 (비산동),35.8890668,128.5435448
대구광역시 서구 팔달로2길 7 (비산동),35.8927102,128.5517842
대구광역시 서구 달서천로 146 2호 (평리동),35.8818391,128.5504762
대구광역시 서구 와룡로 464 (이현동),35.8739796,128.5395403
대구광역시 서구 염색공단로21길 7 (비산동),35.8847986,128.5460243
대구광역시 서구 북비산로17길 9-7 (이현동),35.8793087,128.5424338
대구광역시 서구 문화로 38-7 105동 (이현동),35.874154,128.5366345
대구광역시 서구 국채보상로19길 23 (이현동),35.8705438,128.5416228
대구광역시 서구 염색공단천로 41 (비산동),35.8904147,128.5491964
대구광역시 서구 비산동 2472 도로,35.8784794,128.5772782
대구광역시 수성구 달구벌대로 3285(사월동),35.8403783,128.7197638
대구광역시 수성구 욱수천로 54 (욱수동),35.8330905,128.7116252
대구광역시 수성구 무학로 215 (지산동),35.8301045,128.6326341
대구광역시 수성구 청수로 54 (상동),35.8367636,128.6134757
대구광역시 수성구 청수로 92 (두산동),35.8394032,128.621456
대구광역시 수성구 달구벌대로 3320 (신매동),35.8376218,128.7096082
대구광역시 수성구 명덕로 446 (수성동3가),35.8539803,128.6189879
대구광역시 수성구 달구벌대로 2699 (만촌동),35.8541853,128.6564472
대구광역시 수성구 파동로 34 (파동),35.8078534,128.6214347
대구광역시 수성구 들안로 244 (수성동3가),35.8508481,128.6195326
대구광역시 수성구 수성로 264 (중동),35.8446722,128.612164
대구광역시 수성구 지범로 45-9 (지산동),35.8269677,128.6271673
대구광역시 수성구 파동로 89 (파동),35.8117677,128.6174341
대구광역시 수성구 청수로 113 (황금동),35.8503133,128.6364956
대구광역시 수성구 청수로 69-1 (중동),35.8409839,128.6158948
대구광역시 수성구 달구벌대로 3061 (시지동),35.8462224,128.6964254
대구광역시 수성구 교학로 96(만촌동),35.8485052,128.6478152
대구광역시 수성구 수성로 253 (중동),35.8481781,128.612564
대구광역시 수성구 용학로46길 25 (지산동),35.8193522,128.6340926
대구광역시 수성구 무학로 61 (상동),35.8300259,128.6153099
대구광역시 수성구 용학로50길 9 (지산동),35.8198733,128.636444
대구광역시 수성구 지범로46길 11 (범물동),35.8167076,128.6441229
대구광역시 수성구 용학로31길 31 (지산동),35.8245761,128.6267268
대구광역시 수성구 지범로 50 (두산동),35.8260826,128.6259695
대구광역시 수성구 달구벌대로 2457 (범어동),35.8595067,128.6315623
대구광역시 수성구 달구벌대로 3142 (노변동),35.8288825,128.6967751
대구광역시 수성구 만촌로 81 (만촌동),35.8658241,128.6429212
대구광역시 수성구 달구벌대로 3219 (신매동),35.8376218,128.7096082
대구광역시 수성구 청수로 89 (황금동),35.8438078,128.6386697
대구광역시 수성구 달구벌대로 2689 (만촌동),35.8544295,128.6556399
대구광역시 수성구 무열로 181 (만촌동),35.8740736,128.6461661
대구광역시 수성구 희망로 180 (황금동),35.846254,128.618505
대구광역시 수성구 화랑로 170 (만촌동),35.8757781,128.6444557
대구광역시 수성구 청수로 94 (두산동),35.8396456,128.622153
대구광역시 수성구 동대구로 221 (황금동),35.8502012,128.624536
대구광역시 수성구 지산로14길63(지산동),35.8265284,128.6370073
대구광역시 수성구 동대구로 154 (황금동),35.8443207,128.6252903
대구광역시 수성구 청수로 1 (중동),35.8417287,128.6083932
대구광역시 수성구 신천동로 85 (상동),35.8326615,128.6071308
대구광역시 수성구 달구벌대로 2626 (만촌동),35.8567637,128.6495342
대구광역시 수성구 화랑로 138 (만촌동),35.8741267,128.6416372
"대구광역시 수성구 무열로 73, .45 (만촌동)",35.8650783,128.6492012
대구광역시 수성구 청호로 417 (범어동),35.854499,128.6390433
대구광역시 수성구 지범로 76 (지산동),35.8255987,128.6283695
대구광역시 수성구 청수로 172(지산동),35.8388761,128.6268039
대구광역시 수성구 국채보상로 948 (범어동),35.8671606,128.6342949
대구광역시 수성구 파동로2길16(파동),35.8082215,128.6234614
대구광역시 수성구 청수로36길 5 (지산동),35.8386127,128.6278788
대구광역시 수성구 들안로 151 (중동),35.8431243,128.614345
대구광역시 수성구 명덕로 454 (수성동3가),35.8537745,128.6197436
대구광역시 수성구 범어로 174 (범어동),35.8648963,128.6351915
대구광역시 수성구 들안로 165 (중동),35.8419956,128.6154576
대구광역시 수성구 희망로 99 (중동),35.8474951,128.6095044
대구광역시 수성구 들안로13길 8 (상동),35.837221,128.6155572
대구광역시 수성구 상화로 72 (상동),35.8347858,128.6149537
대구광역시 수성구 희망로 226 (황금동),35.8461491,128.6234481
대구광역시 수성구 수성로 150 (상동),35.8357089,128.607848
대구광역시 수성구 국채보상로 915 (만촌동),35.8672491,128.6306825
대구광역시 수성구 수성로 60-1 (상동),35.8367492,128.6129454
대구광역시 수성구 희망로 146 (중동),35.8465671,128.6145819
대구광역시 수성구 무열로 5 (만촌동),35.8594036,128.646026
대구광역시 수성구 달구벌대로 2650 (만촌동),35.8556481,128.6513209
대구광역시 수성구 만촌로 87 (만촌동),35.8665109,128.6424273
대구광역시 수성구 달구벌대로 2938 (연호동),35.8392595,128.6705308
대구광역시 수성구 무열로 56(사서함503-19),35.8631812,128.650004
대구광역시 수성구 범어로 115 (범어동),35.8597995,128.6355018
대구광역시 수성구 신천동로 51 (상동),35.8360682,128.6151628
대구광역시 수성구 동원로 87 (만촌동),35.8669113,128.6384819
대구광역시 수성구 명덕로 443 (수성동3가),35.8545433,128.6185273
대구광역시 수성구 천을로23길 30-5 (매호동),35.8458715,128.706366
대구광역시 수성구 동대구로 12 (지산동),35.8313285,128.624014
대구광역시 수성구 공경로 47 (만촌동),35.8719429,128.6436395
대구광역시 수성구 동원로 97 (만촌동),35.8677234,128.6379735
대구광역시 수성구 달구벌대로 2899 (연호동),35.8392595,128.6705308
대구광역시 수성구 지산로 77 (지산동),35.8278234,128.6336387
대구광역시 수성구 신천동로 136 (상동),35.8348815,128.6090758
대구광역시 수성구 청수로 162 (지산동),35.839095,128.6256145
대구광역시 수성구 지범로 49-8 (지산동),35.8265832,128.62796
대구광역시 수성구 달구벌대로 3056 (시지동),35.8462224,128.6964254
대구광역시 수성구 청솔로 59 (수성동3가),35.8520137,128.6205558
대구광역시 수성구 성동로15길 51 (사월동),35.8409792,128.7200266
대구광역시 수성구 동대구로 74 (지산동),35.8366897,128.624502
대구광역시 수성구 천을로 37 (시지동),35.8455471,128.694766
대구광역시 수성구 동대구로 255 (범어동),35.8532855,128.6247251
대구광역시 수성구 동원로 75 (범어동),35.8655742,128.6385775
대구광역시 수성구 들안로 225(중동),35.8501207,128.616395
대구광역시 수성구 들안로 260(수성동3가),35.859039,128.6181835
대구광역시 수성구 동원로 31(범어동),35.8619593,128.639535
대구광역시 수성구 동대구로 148(황금동),35.8433486,128.6250413
대구광역시 수성구 수성로 2(상동),35.8397806,128.6125525
대구광역시 수성구 청솔로 67(수성동3가),35.8526678,128.6204291
대구광역시 수성구 동대구로 120(황금동),35.8408198,128.6251543
대구광역시 수성구 수성로 157-1(중동),35.8427262,128.6146475
대구광역시 수성구 청호로 93(지산동),35.8261534,128.6441162
대구광역시 수성구 천을로8길 11(시지동),35.8444044,128.696142
대구광역시 수성구 파동로 71(파동),35.8105161,128.6184336
대구광역시 수성구 수성로 250(중동),35.8478245,128.613334
대구광역시 수성구 청호로 14(범물동),35.8471343,128.6426344
대구광역시 수성구 동대구로29길 42(황금동),35.8428653,128.6228213
대구광역시 수성구 무학로 10(상동),35.8288233,128.6093406
대구광역시 수성구 희망로 201(황금동),35.8468644,128.6209098
대구광역시 수성구 성동로 71(사월동),35.8360189,128.7253008
대구광역시 수성구 들안로 73-1(상동),35.8402783,128.6128575
대구광역시 수성구 수성로 227(중동),35.8461378,128.6123346
대구광역시 수성구 파동로 88(파동),35.8118656,128.6180368
대구광역시 수성구 지범로 43-5(두산동),35.8269314,128.6265373
대구광역시 수성구 천을로 233(매호동),35.8427519,128.705564
대구광역시 수성구 청솔로12길 26(황금동),35.850373,128.6220021
대구광역시 수성구 고모로 90(가천동),35.8564181,128.6824518
대구광역시 수성구 달구벌대로 2619,35.85786,128.648973
대구광역시 수성구 수성로 45,35.8295592,128.6104984
대구광역시 수성구 지범로 53-7,35.826462,128.6282269
대구광역시 수성구 희망로 133,35.8473522,128.6135075
대구광역시 수성구 무학로 177,35.8307781,128.6281148
대구광역시 수성구 상화로 118(두산동),35.8349729,128.6201187
대구광역시 수성구 이천동 16-2,35.8514571,128.6639828
대구광역시 수성구 국채보상로 964,35.8669945,128.6360587
대구광역시 중구 동덕로 130(삼덕동2가),35.8665704,128.6013257
대구광역시 중구 국채보상로 531(수동),35.8707148,128.5887352
대구광역시 중구 달성로 56(동산동),35.8691033,128.5831777
대구광역시 중구 종로 75(대안동),35.8720643,128.5910773
대구광역시 중구 동덕로 36-8(대봉동),35.8584559,128.6058006
대구광역시 중구 명덕로 311-1(대봉동),35.8619685,128.6075457
대구광역시 중구 명덕로 79(남산동),35.858237,128.5794477
대구광역시 중구 달구벌대로 2194(대봉동),35.8583779,128.6028943
대구광역시 중구 태평로 257(동인동1가),35.8717104,128.6035228
대구광역시 중구 이천로 200(대봉동),35.858857,128.5989655
대구광역시 중구 태평로51길 8-29(동인동3가),35.8731551,128.6080087
대구광역시 중구 국채보상로 680(동인동2가),35.8691464,128.603003
대구광역시 중구 달구벌대로 2177(삼덕동2가),35.8653945,128.602684
대구광역시 중구 경상감영길 6(서문로1가),35.8715406,128.5899904
대구광역시 중구 명덕로35길 39(남산동),35.8585519,128.5884803
대구광역시 중구 태평로 130(태평로2가),35.8757453,128.5928498
대구광역시 중구 동덕로8길 34-10(대봉동),35.8597192,128.6060349
대구광역시 중구 대봉로 248(대봉동),35.8606946,128.6007941
대구광역시 중구 국채보상로101길 30(인교동),35.8719781,128.5839778
대구광역시 중구 태평로 102(태평로3가),35.8766017,128.5874502
대구광역시 중구 남산로13길 9(남산동),35.8614981,128.5818453
대구광역시 중구 달구벌대로 2178(대봉동),35.8583779,128.6028943
대구광역시 중구 국채보상로 648(동인동2가),35.8691464,128.603003
대구광역시 중구 명덕로 155(남산동),35.8570898,128.5873933
대구광역시 중구 동덕로 194(동인동1가),35.8718684,128.6049016
대구광역시 중구 남산로 20(남산동),35.8580633,128.583863
대구광역시 중구 달구벌대로 1999(동산동),35.8679387,128.5846293
대구광역시 중구 달구벌대로 2175(삼덕동2가),35.8653945,128.602684
부산광역시 금정구 개좌로 174(회동동),35.2270472,129.1197686
부산광역시 금정구 반송로 441(금사동),35.2140812,129.1109076
부산광역시 금정구 노포동 556-1,35.2906519,129.0917944
부산광역시 금정구 개좌로 45(금사동),35.2178788,129.1102449
부산광역시 금정구 공단로39번길 22(금사동),35.2185118,129.1118824
부산광역시 금정구 공단로 31(금사동),35.2171477,129.1119199
부산광역시 금정구 반송로489번길 36(금사동),35.2185133,129.1167132
부산광역시 금정구 수원지로 24(회동동),35.2329124,129.1214234
부산광역시 금정구 개좌로 158-22(회동동),35.2243112,129.1178592
부산광역시 금정구 동천로7번길 79(회동동),35.2300333,129.1234875
부산광역시 금정구 공단서로 25(금사동),35.2165171,129.110211
부산광역시 금정구 서동로 162(서동),35.214399,129.1040842
부산광역시 금정구 공단동로29번길 3(금사동),35.2194682,129.1162836
부산광역시 금정구 중앙대로 2139(청룡동),35.2753665,129.092296
부산광역시 금정구 오륜대로 57(부곡동),35.2448396,129.0978032
부산광역시 금정구 반송로 472(금사동),35.2156411,129.1155909
부산광역시 금정구 개좌로 82(금사동),35.2203348,129.1129124
부산광역시 금정구 금사로 225(회동동),35.2303083,129.1215348
부산광역시 금정구 공단서로8번길 81(금사동),35.2170476,129.1157452
부산광역시 금정구 중앙대로 1664(부곡동),35.2330137,129.0920125
부산광역시 금정구 금정로 196(구서동),35.2418736,129.0886758
부산광역시 금정구 개좌로 20(금사동),35.2155053,129.1092746
부산광역시 금정구 중앙대로 1672(부곡동),35.2337983,129.0920636
부산광역시 금정구 금샘로 570-1(남산동),35.2732918,129.0853579
부산광역시 금정구 중앙대로 1698(부곡동),35.2359335,129.0923801
부산광역시 금정구 반송로 420(금사동),35.2141581,129.1102228
부산광역시 금정구 개좌로239번길 39(회동동),35.2331782,129.1226982
부산광역시 금정구 중앙대로 2238(노포동),35.2836825,129.0963782
부산광역시 금정구 반송로 406-10(서동),35.2134815,129.1086101
부산광역시 금정구 반송로 406-7(금사동),35.2135809,129.1091781
부산광역시 금정구 중앙대로 1972(남산동),35.2607192,129.0917049
부산광역시 금정구 공단서로8번길 95(금사동),35.2171813,129.1162973
부산광역시 금정구 중앙대로 1597(부곡동),35.2272789,129.0894387
부산광역시 금정구 서동로 170(서동),35.2144244,129.1049588
부산광역시 금정구 금정로 33-1(장전동),35.2277436,129.0857726
부산광역시 금정구 수림로 20(부곡동),35.2397897,129.0901674
부산광역시 금정구 중앙대로 1646(부곡동),35.2312617,129.0918824
부산광역시 금정구 공단로 39(금사동),35.2178023,129.1122913
부산광역시 금정구 중앙대로 1782(부곡동),35.2432898,129.093761
부산광역시 금정구 금사로 102(금사동),35.2214479,129.113022
부산광역시 금정구 삼어로 228(금사동),35.2151,129.1148311
부산광역시 금정구 부곡로 67(부곡동),35.2222678,129.0900813
부산광역시 금정구 반송로 383(서동),35.2127076,129.1066962
부산광역시 금정구 반송로 480(금사동),35.2159858,129.1163282
부산광역시 금정구 중앙대로 2238(노포동),35.2836825,129.0963782
부산광역시 금정구 청룡로 49(남산동),35.2752444,129.0871349
부산광역시 금정구 금샘로 460(남산동),35.2640349,129.0852465
부산광역시 금정구 개좌로 237(회동동),35.2307605,129.1239886
부산광역시 금정구 반송로 455(금사동),35.2155715,129.1136568
부산광역시 금정구 동현로 121(서동),35.2185377,129.0964911
부산광역시 금정구 중앙대로 2017(남산동),35.2644848,129.0919422
부산광역시 금정구 금강로 721(남산동),35.2719262,129.0887722
부산광역시 금정구 중앙대로 1722(부곡동),35.2380871,129.0927583
부산광역시 금정구 개좌로 48(금사동),35.2176458,129.1106822
부산광역시 금정구 체육공원로 139(구서동),35.2570706,129.0943878
부산광역시 금정구 공단서로 7(금사동),35.2156103,129.1110026
부산광역시 금정구 중앙대로 2238(노포동),35.2836825,129.0963782
부산광역시 금정구 중앙대로 2238(노포동),35.2836825,129.0963782
부산광역시 금정구 공단로 23(금사동),35.2167086,129.1112472
부산광역시 금정구 수림로50번길 7(장전동),35.2402664,129.0867723
부산광역시 금정구 개좌로 274(회동동),35.2210481,129.1139479
부산광역시 금정구 금사로 224(회동동),35.2297691,129.1215516
부산광역시 금정구 중앙대로 1953(구서동),35.2587738,129.0909348
부산광역시 금정구 중앙대로 2310(노포동),35.289907,129.0921448
부산광역시 금정구 중앙대로 1905(구서동),35.2544274,129.0910337
부산광역시 금정구 개좌로 225(회동동),35.230511,129.1223231
부산광역시 금정구 공단로 68-10(금사동),35.2179931,129.1123247
부산광역시 금정구 두실로 29(구서동),35.2606131,129.0880736
부산광역시 금정구 공단로 7(금사동),35.2162131,129.1098433
부산광역시 금정구 중앙대로 2130(청룡동),35.2745633,129.0929018
부산광역시 금정구 금정로 216(구서동),35.2431733,129.0900875
부산광역시 금정구 금샘로 395(구서동),35.2582526,129.0840354
부산광역시 금정구 두실로 38(남산동),35.2611654,129.0872952
부산광역시 금정구 중앙대로 2044(남산동),35.2667307,129.0930769
부산광역시 금정구 부곡로 11(부곡동),35.2180745,129.0869827
부산광역시 금정구 개좌로 129(금사동),35.2241597,129.1149341
부산광역시 금정구 반송로 398(서동),35.2133197,129.1080719
부산광역시 금정구 공단로 68-23(금사동),35.2179931,129.1123247
부산광역시 금정구 금샘로 395(구서동),35.2582526,129.0840354
부산광역시 금정구 두실로 38(남산동),35.2611654,129.0872952
부산광역시 금정구 중앙대로 2044(남산동),35.2667307,129.0930769
